Year,State_Code,Age,state_pop
1991,1,0,60561
1991,1,1,59429
1991,1,2,57308
1991,1,3,55976
1991,1,4,56497
1991,1,5,56937
1991,1,6,57202
1991,1,7,55983
1991,1,8,55331
1991,1,9,60103
1991,1,10,60990
1991,1,11,61659
1991,1,12,58964
1991,1,13,58934
1991,1,14,59328
1991,1,15,57736
1991,1,16,59847
1991,1,17,61740
1991,1,18,61517
1991,1,19,68550
1991,1,20,71603
1991,1,21,67448
1991,1,22,61899
1991,1,23,58634
1991,1,24,59386
1991,1,25,59157
1991,1,26,61592
1991,1,27,63616
1991,1,28,61001
1991,1,29,68162
1991,1,30,66452
1991,1,31,65658
1991,1,32,65522
1991,1,33,66036
1991,1,34,69473
1991,1,35,66270
1991,1,36,64735
1991,1,37,64284
1991,1,38,58691
1991,1,39,63683
1991,1,40,59423
1991,1,41,58612
1991,1,42,58204
1991,1,43,57468
1991,1,44,63696
1991,1,45,45310
1991,1,46,45798
1991,1,47,46758
1991,1,48,46800
1991,1,49,45143
1991,1,50,42189
1991,1,51,39730
1991,1,52,39466
1991,1,53,39685
1991,1,54,38534
1991,1,55,37558
1991,1,56,39017
1991,1,57,36605
1991,1,58,34688
1991,1,59,36906
1991,1,60,36719
1991,1,61,35947
1991,1,62,35419
1991,1,63,37168
1991,1,64,37164
1991,1,65,34737
1991,1,66,34296
1991,1,67,33888
1991,1,68,31753
1991,1,69,32141
1991,1,70,32505
1991,1,71,29518
1991,1,72,27109
1991,1,73,24060
1991,1,74,23160
1991,1,75,23834
1991,1,76,22833
1991,1,77,21391
1991,1,78,20261
1991,1,79,18831
1991,1,80,16731
1991,1,81,14577
1991,1,82,13327
1991,1,83,12636
1991,1,84,11073
1991,1,85,50463
1991,2,0,11567
1991,2,1,11999
1991,2,2,11582
1991,2,3,11134
1991,2,4,11221
1991,2,5,11245
1991,2,6,11031
1991,2,7,10686
1991,2,8,10418
1991,2,9,10816
1991,2,10,10299
1991,2,11,9900
1991,2,12,9289
1991,2,13,8845
1991,2,14,8660
1991,2,15,8095
1991,2,16,8020
1991,2,17,7703
1991,2,18,7828
1991,2,19,8209
1991,2,20,8100
1991,2,21,8116
1991,2,22,7780
1991,2,23,7654
1991,2,24,8271
1991,2,25,8803
1991,2,26,9558
1991,2,27,10230
1991,2,28,10235
1991,2,29,11544
1991,2,30,11666
1991,2,31,11584
1991,2,32,11628
1991,2,33,11826
1991,2,34,12380
1991,2,35,12277
1991,2,36,12186
1991,2,37,11919
1991,2,38,10982
1991,2,39,11784
1991,2,40,10856
1991,2,41,10344
1991,2,42,9678
1991,2,43,9135
1991,2,44,9809
1991,2,45,7008
1991,2,46,6946
1991,2,47,6723
1991,2,48,6568
1991,2,49,6145
1991,2,50,5602
1991,2,51,4965
1991,2,52,4610
1991,2,53,4415
1991,2,54,4119
1991,2,55,3893
1991,2,56,3920
1991,2,57,3478
1991,2,58,3067
1991,2,59,3067
1991,2,60,3094
1991,2,61,2968
1991,2,62,2688
1991,2,63,2594
1991,2,64,2412
1991,2,65,2244
1991,2,66,2152
1991,2,67,2101
1991,2,68,1795
1991,2,69,1791
1991,2,70,1654
1991,2,71,1442
1991,2,72,1323
1991,2,73,1127
1991,2,74,1050
1991,2,75,978
1991,2,76,877
1991,2,77,750
1991,2,78,706
1991,2,79,648
1991,2,80,553
1991,2,81,449
1991,2,82,412
1991,2,83,370
1991,2,84,322
1991,2,85,1355
1991,4,0,67488
1991,4,1,65533
1991,4,2,62161
1991,4,3,60136
1991,4,4,59985
1991,4,5,59701
1991,4,6,58775
1991,4,7,56513
1991,4,8,55413
1991,4,9,59308
1991,4,10,58267
1991,4,11,56993
1991,4,12,53714
1991,4,13,52220
1991,4,14,52141
1991,4,15,50351
1991,4,16,51367
1991,4,17,49671
1991,4,18,49469
1991,4,19,55571
1991,4,20,60076
1991,4,21,58673
1991,4,22,55020
1991,4,23,53602
1991,4,24,55834
1991,4,25,57161
1991,4,26,60423
1991,4,27,63102
1991,4,28,61281
1991,4,29,68410
1991,4,30,66719
1991,4,31,65013
1991,4,32,63584
1991,4,33,63231
1991,4,34,64597
1991,4,35,61327
1991,4,36,59363
1991,4,37,58232
1991,4,38,53299
1991,4,39,58441
1991,4,40,54191
1991,4,41,52313
1991,4,42,50899
1991,4,43,50255
1991,4,44,55605
1991,4,45,39256
1991,4,46,39293
1991,4,47,39683
1991,4,48,39777
1991,4,49,38255
1991,4,50,35350
1991,4,51,32670
1991,4,52,32040
1991,4,53,31676
1991,4,54,30655
1991,4,55,29545
1991,4,56,30584
1991,4,57,29010
1991,4,58,27206
1991,4,59,29433
1991,4,60,30440
1991,4,61,30399
1991,4,62,29941
1991,4,63,31062
1991,4,64,31636
1991,4,65,32111
1991,4,66,32504
1991,4,67,32458
1991,4,68,31626
1991,4,69,32846
1991,4,70,30976
1991,4,71,28426
1991,4,72,27259
1991,4,73,25502
1991,4,74,24372
1991,4,75,22790
1991,4,76,21482
1991,4,77,19976
1991,4,78,18974
1991,4,79,16917
1991,4,80,14704
1991,4,81,13344
1991,4,82,11847
1991,4,83,10867
1991,4,84,9152
1991,4,85,40922
1991,5,0,34569
1991,5,1,34344
1991,5,2,33387
1991,5,3,32839
1991,5,4,33265
1991,5,5,33736
1991,5,6,34062
1991,5,7,33742
1991,5,8,33536
1991,5,9,36087
1991,5,10,36652
1991,5,11,36746
1991,5,12,34982
1991,5,13,34853
1991,5,14,35317
1991,5,15,34302
1991,5,16,35267
1991,5,17,35577
1991,5,18,34794
1991,5,19,37161
1991,5,20,37789
1991,5,21,35506
1991,5,22,32448
1991,5,23,30763
1991,5,24,31433
1991,5,25,31521
1991,5,26,33764
1991,5,27,35459
1991,5,28,34061
1991,5,29,37715
1991,5,30,36451
1991,5,31,35899
1991,5,32,35582
1991,5,33,35911
1991,5,34,37678
1991,5,35,35759
1991,5,36,34978
1991,5,37,35321
1991,5,38,32317
1991,5,39,35203
1991,5,40,32933
1991,5,41,32670
1991,5,42,32430
1991,5,43,32064
1991,5,44,36142
1991,5,45,25875
1991,5,46,26421
1991,5,47,27074
1991,5,48,26921
1991,5,49,26511
1991,5,50,24767
1991,5,51,22889
1991,5,52,22558
1991,5,53,22561
1991,5,54,21675
1991,5,55,21253
1991,5,56,22226
1991,5,57,21254
1991,5,58,20032
1991,5,59,21227
1991,5,60,21161
1991,5,61,20933
1991,5,62,20743
1991,5,63,22030
1991,5,64,22391
1991,5,65,21959
1991,5,66,21507
1991,5,67,21224
1991,5,68,20325
1991,5,69,20509
1991,5,70,20528
1991,5,71,19250
1991,5,72,18400
1991,5,73,16498
1991,5,74,16089
1991,5,75,15822
1991,5,76,15365
1991,5,77,14511
1991,5,78,14015
1991,5,79,12808
1991,5,80,11508
1991,5,81,10394
1991,5,82,9701
1991,5,83,8675
1991,5,84,7706
1991,5,85,36355
1991,6,0,599805
1991,6,1,560591
1991,6,2,519428
1991,6,3,497570
1991,6,4,486820
1991,6,5,476966
1991,6,6,467998
1991,6,7,449803
1991,6,8,436804
1991,6,9,465177
1991,6,10,449461
1991,6,11,435545
1991,6,12,409552
1991,6,13,398158
1991,6,14,398832
1991,6,15,384748
1991,6,16,391698
1991,6,17,383786
1991,6,18,398826
1991,6,19,449007
1991,6,20,490400
1991,6,21,500388
1991,6,22,487959
1991,6,23,487283
1991,6,24,513683
1991,6,25,529197
1991,6,26,553526
1991,6,27,573389
1991,6,28,551867
1991,6,29,610655
1991,6,30,602170
1991,6,31,583031
1991,6,32,567070
1991,6,33,561116
1991,6,34,574910
1991,6,35,552303
1991,6,36,530809
1991,6,37,513116
1991,6,38,466814
1991,6,39,501241
1991,6,40,471012
1991,6,41,452467
1991,6,42,435084
1991,6,43,423539
1991,6,44,469645
1991,6,45,340830
1991,6,46,337952
1991,6,47,329883
1991,6,48,324561
1991,6,49,307818
1991,6,50,289399
1991,6,51,266561
1991,6,52,257922
1991,6,53,252642
1991,6,54,241510
1991,6,55,232970
1991,6,56,237609
1991,6,57,221623
1991,6,58,205051
1991,6,59,217321
1991,6,60,223943
1991,6,61,218876
1991,6,62,211418
1991,6,63,214899
1991,6,64,214121
1991,6,65,213818
1991,6,66,214493
1991,6,67,211352
1991,6,68,197150
1991,6,69,208384
1991,6,70,195510
1991,6,71,176850
1991,6,72,167385
1991,6,73,151805
1991,6,74,146154
1991,6,75,141072
1991,6,76,133358
1991,6,77,122950
1991,6,78,118443
1991,6,79,107009
1991,6,80,93968
1991,6,81,85007
1991,6,82,77105
1991,6,83,71487
1991,6,84,62126
1991,6,85,308530
1991,8,0,53189
1991,8,1,52994
1991,8,2,51938
1991,8,3,51318
1991,8,4,52617
1991,8,5,52777
1991,8,6,52249
1991,8,7,51324
1991,8,8,50302
1991,8,9,53411
1991,8,10,51890
1991,8,11,50632
1991,8,12,47506
1991,8,13,46103
1991,8,14,45867
1991,8,15,44131
1991,8,16,44389
1991,8,17,43145
1991,8,18,43250
1991,8,19,48232
1991,8,20,51373
1991,8,21,50528
1991,8,22,47715
1991,8,23,45825
1991,8,24,46793
1991,8,25,47461
1991,8,26,51325
1991,8,27,55256
1991,8,28,55187
1991,8,29,63763
1991,8,30,63318
1991,8,31,63485
1991,8,32,63686
1991,8,33,64313
1991,8,34,67483
1991,8,35,64329
1991,8,36,62956
1991,8,37,63186
1991,8,38,58486
1991,8,39,63899
1991,8,40,58430
1991,8,41,56482
1991,8,42,55017
1991,8,43,53866
1991,8,44,59412
1991,8,45,40900
1991,8,46,40286
1991,8,47,40066
1991,8,48,39170
1991,8,49,37245
1991,8,50,33663
1991,8,51,31027
1991,8,52,30276
1991,8,53,29638
1991,8,54,28385
1991,8,55,27191
1991,8,56,27779
1991,8,57,25977
1991,8,58,24115
1991,8,59,26043
1991,8,60,26011
1991,8,61,25308
1991,8,62,24680
1991,8,63,24843
1991,8,64,24240
1991,8,65,23031
1991,8,66,23003
1991,8,67,22538
1991,8,68,21354
1991,8,69,21640
1991,8,70,20568
1991,8,71,18510
1991,8,72,17469
1991,8,73,16293
1991,8,74,15211
1991,8,75,14329
1991,8,76,13823
1991,8,77,12819
1991,8,78,12339
1991,8,79,10976
1991,8,80,9779
1991,8,81,9125
1991,8,82,8308
1991,8,83,7589
1991,8,84,6704
1991,8,85,34478
1991,9,0,47541
1991,9,1,48649
1991,9,2,47616
1991,9,3,46469
1991,9,4,45702
1991,9,5,44692
1991,9,6,43681
1991,9,7,41621
1991,9,8,40147
1991,9,9,42723
1991,9,10,41074
1991,9,11,40778
1991,9,12,39408
1991,9,13,38355
1991,9,14,38519
1991,9,15,37487
1991,9,16,38705
1991,9,17,38917
1991,9,18,39642
1991,9,19,44950
1991,9,20,49363
1991,9,21,49471
1991,9,22,47436
1991,9,23,46686
1991,9,24,49639
1991,9,25,51326
1991,9,26,54129
1991,9,27,56341
1991,9,28,53633
1991,9,29,60530
1991,9,30,59856
1991,9,31,59398
1991,9,32,59200
1991,9,33,59198
1991,9,34,60569
1991,9,35,57890
1991,9,36,55752
1991,9,37,54885
1991,9,38,50234
1991,9,39,54279
1991,9,40,50062
1991,9,41,48855
1991,9,42,48692
1991,9,43,49466
1991,9,44,56387
1991,9,45,40377
1991,9,46,40025
1991,9,47,41186
1991,9,48,41852
1991,9,49,39062
1991,9,50,34749
1991,9,51,31721
1991,9,52,31125
1991,9,53,30878
1991,9,54,29689
1991,9,55,28713
1991,9,56,29567
1991,9,57,28068
1991,9,58,26564
1991,9,59,28690
1991,9,60,29473
1991,9,61,28935
1991,9,62,28753
1991,9,63,29507
1991,9,64,29054
1991,9,65,28300
1991,9,66,28283
1991,9,67,27664
1991,9,68,26097
1991,9,69,26569
1991,9,70,26151
1991,9,71,24550
1991,9,72,23852
1991,9,73,22591
1991,9,74,21082
1991,9,75,20355
1991,9,76,19148
1991,9,77,17819
1991,9,78,17505
1991,9,79,15537
1991,9,80,13490
1991,9,81,12586
1991,9,82,11321
1991,9,83,10388
1991,9,84,9115
1991,9,85,48296
1991,10,0,10803
1991,10,1,10600
1991,10,2,10215
1991,10,3,9922
1991,10,4,9845
1991,10,5,9791
1991,10,6,9672
1991,10,7,9400
1991,10,8,9087
1991,10,9,9711
1991,10,10,9521
1991,10,11,9425
1991,10,12,8876
1991,10,13,8592
1991,10,14,8524
1991,10,15,8244
1991,10,16,8287
1991,10,17,8198
1991,10,18,8334
1991,10,19,10219
1991,10,20,11841
1991,10,21,11730
1991,10,22,11042
1991,10,23,10425
1991,10,24,10795
1991,10,25,10993
1991,10,26,11601
1991,10,27,12019
1991,10,28,11448
1991,10,29,12861
1991,10,30,12373
1991,10,31,12189
1991,10,32,12279
1991,10,33,12345
1991,10,34,12541
1991,10,35,11639
1991,10,36,11177
1991,10,37,11009
1991,10,38,10150
1991,10,39,10896
1991,10,40,10000
1991,10,41,9669
1991,10,42,9552
1991,10,43,9665
1991,10,44,10896
1991,10,45,7571
1991,10,46,7574
1991,10,47,7758
1991,10,48,7780
1991,10,49,7557
1991,10,50,6908
1991,10,51,6337
1991,10,52,6235
1991,10,53,6238
1991,10,54,5943
1991,10,55,5773
1991,10,56,6076
1991,10,57,5861
1991,10,58,5520
1991,10,59,5956
1991,10,60,6057
1991,10,61,5992
1991,10,62,5953
1991,10,63,6079
1991,10,64,5998
1991,10,65,5836
1991,10,66,5935
1991,10,67,5749
1991,10,68,5364
1991,10,69,5403
1991,10,70,5245
1991,10,71,4828
1991,10,72,4625
1991,10,73,4041
1991,10,74,3731
1991,10,75,3597
1991,10,76,3266
1991,10,77,2980
1991,10,78,2890
1991,10,79,2627
1991,10,80,2199
1991,10,81,2100
1991,10,82,1889
1991,10,83,1715
1991,10,84,1462
1991,10,85,7446
1991,11,0,8924
1991,11,1,8729
1991,11,2,7712
1991,11,3,7041
1991,11,4,6869
1991,11,5,6606
1991,11,6,6349
1991,11,7,6045
1991,11,8,5758
1991,11,9,6070
1991,11,10,5930
1991,11,11,5916
1991,11,12,5643
1991,11,13,5407
1991,11,14,5349
1991,11,15,5158
1991,11,16,5387
1991,11,17,5861
1991,11,18,6765
1991,11,19,9836
1991,11,20,12379
1991,11,21,12311
1991,11,22,11433
1991,11,23,11320
1991,11,24,12017
1991,11,25,12406
1991,11,26,12707
1991,11,27,12870
1991,11,28,12094
1991,11,29,12876
1991,11,30,12459
1991,11,31,11835
1991,11,32,11302
1991,11,33,11009
1991,11,34,11068
1991,11,35,10622
1991,11,36,10487
1991,11,37,10034
1991,11,38,9080
1991,11,39,9879
1991,11,40,9568
1991,11,41,9095
1991,11,42,8727
1991,11,43,8333
1991,11,44,8960
1991,11,45,6755
1991,11,46,6832
1991,11,47,6563
1991,11,48,6529
1991,11,49,6343
1991,11,50,6181
1991,11,51,5706
1991,11,52,5498
1991,11,53,5380
1991,11,54,5152
1991,11,55,5025
1991,11,56,5266
1991,11,57,4950
1991,11,58,4663
1991,11,59,4726
1991,11,60,4943
1991,11,61,4894
1991,11,62,4819
1991,11,63,4906
1991,11,64,4871
1991,11,65,4873
1991,11,66,4891
1991,11,67,4993
1991,11,68,4512
1991,11,69,4727
1991,11,70,4676
1991,11,71,4166
1991,11,72,3984
1991,11,73,3522
1991,11,74,3444
1991,11,75,3512
1991,11,76,3212
1991,11,77,3098
1991,11,78,2970
1991,11,79,2825
1991,11,80,2328
1991,11,81,2105
1991,11,82,1927
1991,11,83,1715
1991,11,84,1599
1991,11,85,7932
1991,12,0,192642
1991,12,1,191734
1991,12,2,183972
1991,12,3,178983
1991,12,4,177989
1991,12,5,175909
1991,12,6,174159
1991,12,7,168192
1991,12,8,163300
1991,12,9,173461
1991,12,10,168554
1991,12,11,164865
1991,12,12,157524
1991,12,13,155353
1991,12,14,155567
1991,12,15,151049
1991,12,16,156343
1991,12,17,153664
1991,12,18,155445
1991,12,19,172907
1991,12,20,182446
1991,12,21,177454
1991,12,22,167807
1991,12,23,166201
1991,12,24,178980
1991,12,25,186998
1991,12,26,200423
1991,12,27,210960
1991,12,28,204749
1991,12,29,228391
1991,12,30,225050
1991,12,31,219722
1991,12,32,215742
1991,12,33,214130
1991,12,34,220399
1991,12,35,210998
1991,12,36,204230
1991,12,37,199446
1991,12,38,182767
1991,12,39,198080
1991,12,40,185779
1991,12,41,179976
1991,12,42,176263
1991,12,43,174453
1991,12,44,195741
1991,12,45,142142
1991,12,46,142932
1991,12,47,144002
1991,12,48,144647
1991,12,49,138795
1991,12,50,130487
1991,12,51,121821
1991,12,52,120402
1991,12,53,120298
1991,12,54,117764
1991,12,55,115227
1991,12,56,119411
1991,12,57,114567
1991,12,58,110615
1991,12,59,120842
1991,12,60,127464
1991,12,61,129181
1991,12,62,131821
1991,12,63,141278
1991,12,64,145658
1991,12,65,146294
1991,12,66,149335
1991,12,67,150218
1991,12,68,144136
1991,12,69,150160
1991,12,70,145926
1991,12,71,135697
1991,12,72,131169
1991,12,73,122109
1991,12,74,117794
1991,12,75,112558
1991,12,76,106765
1991,12,77,99422
1991,12,78,95334
1991,12,79,86320
1991,12,80,76498
1991,12,81,69692
1991,12,82,62984
1991,12,83,57306
1991,12,84,48728
1991,12,85,222901
1991,13,0,107923
1991,13,1,107479
1991,13,2,103507
1991,13,3,100997
1991,13,4,100092
1991,13,5,98909
1991,13,6,98023
1991,13,7,94992
1991,13,8,93592
1991,13,9,100840
1991,13,10,100707
1991,13,11,100188
1991,13,12,95408
1991,13,13,94042
1991,13,14,93183
1991,13,15,89736
1991,13,16,93169
1991,13,17,95221
1991,13,18,96223
1991,13,19,108079
1991,13,20,113767
1991,13,21,108890
1991,13,22,101728
1991,13,23,99597
1991,13,24,105475
1991,13,25,108526
1991,13,26,115629
1991,13,27,119911
1991,13,28,114257
1991,13,29,126703
1991,13,30,123714
1991,13,31,120979
1991,13,32,119251
1991,13,33,118474
1991,13,34,122781
1991,13,35,116555
1991,13,36,112876
1991,13,37,110700
1991,13,38,101736
1991,13,39,111026
1991,13,40,103460
1991,13,41,101835
1991,13,42,100876
1991,13,43,99822
1991,13,44,110546
1991,13,45,78068
1991,13,46,77778
1991,13,47,78356
1991,13,48,77329
1991,13,49,73677
1991,13,50,67459
1991,13,51,62221
1991,13,52,60026
1991,13,53,58844
1991,13,54,56644
1991,13,55,54368
1991,13,56,55887
1991,13,57,51762
1991,13,58,48597
1991,13,59,50953
1991,13,60,49671
1991,13,61,48087
1991,13,62,47176
1991,13,63,48301
1991,13,64,47050
1991,13,65,45335
1991,13,66,44477
1991,13,67,43893
1991,13,68,40904
1991,13,69,41880
1991,13,70,41834
1991,13,71,37680
1991,13,72,34830
1991,13,73,32006
1991,13,74,29963
1991,13,75,29426
1991,13,76,27741
1991,13,77,26356
1991,13,78,25062
1991,13,79,23077
1991,13,80,20782
1991,13,81,18063
1991,13,82,16091
1991,13,83,15012
1991,13,84,12985
1991,13,85,60204
1991,15,0,19349
1991,15,1,18657
1991,15,2,17353
1991,15,3,16616
1991,15,4,16463
1991,15,5,16133
1991,15,6,16149
1991,15,7,15884
1991,15,8,15558
1991,15,9,16534
1991,15,10,16135
1991,15,11,15626
1991,15,12,14856
1991,15,13,14533
1991,15,14,14600
1991,15,15,13870
1991,15,16,14006
1991,15,17,14332
1991,15,18,15031
1991,15,19,16200
1991,15,20,17106
1991,15,21,17773
1991,15,22,17611
1991,15,23,17454
1991,15,24,18172
1991,15,25,18678
1991,15,26,19559
1991,15,27,20100
1991,15,28,19121
1991,15,29,20678
1991,15,30,20465
1991,15,31,20101
1991,15,32,19945
1991,15,33,19800
1991,15,34,20673
1991,15,35,20542
1991,15,36,20157
1991,15,37,19876
1991,15,38,18447
1991,15,39,19803
1991,15,40,18793
1991,15,41,18223
1991,15,42,17337
1991,15,43,16635
1991,15,44,18305
1991,15,45,13560
1991,15,46,13812
1991,15,47,13316
1991,15,48,12554
1991,15,49,11723
1991,15,50,10964
1991,15,51,10141
1991,15,52,9707
1991,15,53,9513
1991,15,54,9011
1991,15,55,8885
1991,15,56,9276
1991,15,57,8922
1991,15,58,8618
1991,15,59,9222
1991,15,60,9692
1991,15,61,9686
1991,15,62,9768
1991,15,63,10216
1991,15,64,10129
1991,15,65,9801
1991,15,66,9500
1991,15,67,9470
1991,15,68,8503
1991,15,69,8636
1991,15,70,8211
1991,15,71,7360
1991,15,72,7002
1991,15,73,6291
1991,15,74,5940
1991,15,75,5555
1991,15,76,5176
1991,15,77,4873
1991,15,78,4485
1991,15,79,3963
1991,15,80,3419
1991,15,81,3072
1991,15,82,2702
1991,15,83,2509
1991,15,84,2190
1991,15,85,10800
1991,16,0,16531
1991,16,1,16584
1991,16,2,16259
1991,16,3,16079
1991,16,4,16530
1991,16,5,17003
1991,16,6,17372
1991,16,7,17457
1991,16,8,17691
1991,16,9,19320
1991,16,10,19233
1991,16,11,19350
1991,16,12,18787
1991,16,13,18264
1991,16,14,18263
1991,16,15,17233
1991,16,16,17165
1991,16,17,16649
1991,16,18,15903
1991,16,19,16875
1991,16,20,16786
1991,16,21,14913
1991,16,22,13359
1991,16,23,12768
1991,16,24,12869
1991,16,25,12590
1991,16,26,13063
1991,16,27,13896
1991,16,28,13705
1991,16,29,16041
1991,16,30,15920
1991,16,31,15981
1991,16,32,16122
1991,16,33,16466
1991,16,34,17486
1991,16,35,16897
1991,16,36,16678
1991,16,37,16987
1991,16,38,15800
1991,16,39,17173
1991,16,40,15727
1991,16,41,15259
1991,16,42,14902
1991,16,43,14623
1991,16,44,16013
1991,16,45,11187
1991,16,46,11318
1991,16,47,11683
1991,16,48,11501
1991,16,49,10915
1991,16,50,10055
1991,16,51,9485
1991,16,52,9248
1991,16,53,9176
1991,16,54,8957
1991,16,55,8438
1991,16,56,8553
1991,16,57,8045
1991,16,58,7516
1991,16,59,8112
1991,16,60,8069
1991,16,61,7929
1991,16,62,7896
1991,16,63,8094
1991,16,64,8053
1991,16,65,7602
1991,16,66,7712
1991,16,67,7449
1991,16,68,7294
1991,16,69,7607
1991,16,70,7245
1991,16,71,6807
1991,16,72,6486
1991,16,73,6160
1991,16,74,5830
1991,16,75,5688
1991,16,76,5523
1991,16,77,5026
1991,16,78,4973
1991,16,79,4365
1991,16,80,3992
1991,16,81,3619
1991,16,82,3233
1991,16,83,2957
1991,16,84,2477
1991,16,85,12068
1991,17,0,187429
1991,17,1,181987
1991,17,2,174298
1991,17,3,169818
1991,17,4,168078
1991,17,5,167817
1991,17,6,167198
1991,17,7,162358
1991,17,8,159931
1991,17,9,171926
1991,17,10,170555
1991,17,11,169112
1991,17,12,159677
1991,17,13,156317
1991,17,14,156793
1991,17,15,151186
1991,17,16,153532
1991,17,17,155332
1991,17,18,156894
1991,17,19,174054
1991,17,20,182934
1991,17,21,175725
1991,17,22,165022
1991,17,23,163137
1991,17,24,172722
1991,17,25,176696
1991,17,26,186287
1991,17,27,194303
1991,17,28,186893
1991,17,29,211379
1991,17,30,208146
1991,17,31,205580
1991,17,32,202719
1991,17,33,201996
1991,17,34,207409
1991,17,35,197203
1991,17,36,191013
1991,17,37,186666
1991,17,38,170635
1991,17,39,187189
1991,17,40,174448
1991,17,41,168638
1991,17,42,163362
1991,17,43,160980
1991,17,44,179454
1991,17,45,126901
1991,17,46,126558
1991,17,47,129303
1991,17,48,132157
1991,17,49,127342
1991,17,50,116927
1991,17,51,108103
1991,17,52,107062
1991,17,53,106831
1991,17,54,102657
1991,17,55,99428
1991,17,56,101417
1991,17,57,95167
1991,17,58,88855
1991,17,59,95093
1991,17,60,98073
1991,17,61,97362
1991,17,62,95433
1991,17,63,97880
1991,17,64,97605
1991,17,65,93498
1991,17,66,93170
1991,17,67,90729
1991,17,68,85257
1991,17,69,86549
1991,17,70,84078
1991,17,71,77334
1991,17,72,74065
1991,17,73,69565
1991,17,74,66794
1991,17,75,65627
1991,17,76,62020
1991,17,77,57582
1991,17,78,55901
1991,17,79,50310
1991,17,80,44365
1991,17,81,40769
1991,17,82,37289
1991,17,83,34440
1991,17,84,30209
1991,17,85,151440
1991,18,0,82481
1991,18,1,81631
1991,18,2,79649
1991,18,3,77990
1991,18,4,78784
1991,18,5,79553
1991,18,6,79854
1991,18,7,78116
1991,18,8,77790
1991,18,9,84308
1991,18,10,84136
1991,18,11,84507
1991,18,12,80759
1991,18,13,79773
1991,18,14,79582
1991,18,15,77241
1991,18,16,79071
1991,18,17,81336
1991,18,18,80245
1991,18,19,91193
1991,18,20,97529
1991,18,21,92577
1991,18,22,84905
1991,18,23,80006
1991,18,24,80595
1991,18,25,79651
1991,18,26,84663
1991,18,27,88710
1991,18,28,84995
1991,18,29,96299
1991,18,30,93769
1991,18,31,93386
1991,18,32,93336
1991,18,33,94620
1991,18,34,98862
1991,18,35,93146
1991,18,36,91139
1991,18,37,91018
1991,18,38,83497
1991,18,39,91697
1991,18,40,83668
1991,18,41,81922
1991,18,42,80679
1991,18,43,79836
1991,18,44,89130
1991,18,45,61877
1991,18,46,62285
1991,18,47,63990
1991,18,48,64879
1991,18,49,62964
1991,18,50,57897
1991,18,51,53648
1991,18,52,53464
1991,18,53,53187
1991,18,54,50988
1991,18,55,48862
1991,18,56,50416
1991,18,57,47276
1991,18,58,44515
1991,18,59,48205
1991,18,60,48536
1991,18,61,48258
1991,18,62,48033
1991,18,63,49277
1991,18,64,49182
1991,18,65,46615
1991,18,66,46343
1991,18,67,45053
1991,18,68,42994
1991,18,69,43102
1991,18,70,40996
1991,18,71,37671
1991,18,72,36070
1991,18,73,33313
1991,18,74,32048
1991,18,75,30812
1991,18,76,29461
1991,18,77,27450
1991,18,78,26952
1991,18,79,23782
1991,18,80,21211
1991,18,81,19757
1991,18,82,17871
1991,18,83,16650
1991,18,84,14475
1991,18,85,74063
1991,19,0,37997
1991,19,1,38914
1991,19,2,38506
1991,19,3,38144
1991,19,4,38983
1991,19,5,39963
1991,19,6,40692
1991,19,7,40437
1991,19,8,40282
1991,19,9,43684
1991,19,10,43916
1991,19,11,44042
1991,19,12,41887
1991,19,13,40864
1991,19,14,40260
1991,19,15,38692
1991,19,16,38783
1991,19,17,37609
1991,19,18,36813
1991,19,19,41888
1991,19,20,45331
1991,19,21,43442
1991,19,22,39862
1991,19,23,37455
1991,19,24,37199
1991,19,25,36190
1991,19,26,37759
1991,19,27,39577
1991,19,28,38445
1991,19,29,43984
1991,19,30,43292
1991,19,31,43642
1991,19,32,43576
1991,19,33,43986
1991,19,34,45999
1991,19,35,43985
1991,19,36,43341
1991,19,37,43426
1991,19,38,40272
1991,19,39,44849
1991,19,40,41139
1991,19,41,39745
1991,19,42,38204
1991,19,43,37487
1991,19,44,41851
1991,19,45,28970
1991,19,46,29075
1991,19,47,29687
1991,19,48,29924
1991,19,49,29408
1991,19,50,27513
1991,19,51,25818
1991,19,52,25832
1991,19,53,25823
1991,19,54,25547
1991,19,55,24586
1991,19,56,25510
1991,19,57,24234
1991,19,58,22583
1991,19,59,24668
1991,19,60,24926
1991,19,61,24816
1991,19,62,24871
1991,19,63,25988
1991,19,64,26167
1991,19,65,24814
1991,19,66,24961
1991,19,67,23857
1991,19,68,23137
1991,19,69,24031
1991,19,70,23228
1991,19,71,21771
1991,19,72,20880
1991,19,73,20066
1991,19,74,19180
1991,19,75,18668
1991,19,76,18089
1991,19,77,17013
1991,19,78,16942
1991,19,79,15383
1991,19,80,14037
1991,19,81,13027
1991,19,82,11882
1991,19,83,11345
1991,19,84,10206
1991,19,85,56370
1991,20,0,37042
1991,20,1,38031
1991,20,2,37789
1991,20,3,37368
1991,20,4,38311
1991,20,5,38497
1991,20,6,38831
1991,20,7,38418
1991,20,8,37865
1991,20,9,40726
1991,20,10,39983
1991,20,11,39323
1991,20,12,36784
1991,20,13,35579
1991,20,14,35396
1991,20,15,33714
1991,20,16,33701
1991,20,17,32932
1991,20,18,32201
1991,20,19,36104
1991,20,20,39434
1991,20,21,38948
1991,20,22,35951
1991,20,23,34065
1991,20,24,34766
1991,20,25,34803
1991,20,26,36778
1991,20,27,38837
1991,20,28,38086
1991,20,29,43193
1991,20,30,42074
1991,20,31,41993
1991,20,32,41620
1991,20,33,41741
1991,20,34,43993
1991,20,35,41884
1991,20,36,40943
1991,20,37,40639
1991,20,38,37108
1991,20,39,40630
1991,20,40,36912
1991,20,41,35400
1991,20,42,34486
1991,20,43,33904
1991,20,44,37604
1991,20,45,26039
1991,20,46,26085
1991,20,47,26586
1991,20,48,26196
1991,20,49,25218
1991,20,50,23227
1991,20,51,21708
1991,20,52,21570
1991,20,53,21402
1991,20,54,20808
1991,20,55,20217
1991,20,56,21120
1991,20,57,20311
1991,20,58,19095
1991,20,59,20805
1991,20,60,20937
1991,20,61,20537
1991,20,62,20429
1991,20,63,21174
1991,20,64,21297
1991,20,65,20372
1991,20,66,20561
1991,20,67,20029
1991,20,68,19339
1991,20,69,19720
1991,20,70,19012
1991,20,71,17914
1991,20,72,17046
1991,20,73,15691
1991,20,74,15221
1991,20,75,14654
1991,20,76,14505
1991,20,77,13734
1991,20,78,13600
1991,20,79,12211
1991,20,80,11375
1991,20,81,10463
1991,20,82,9787
1991,20,83,9192
1991,20,84,7966
1991,20,85,43669
1991,21,0,52211
1991,21,1,51443
1991,21,2,50022
1991,21,3,49536
1991,21,4,50140
1991,21,5,50382
1991,21,6,51103
1991,21,7,50347
1991,21,8,50539
1991,21,9,55136
1991,21,10,55565
1991,21,11,56427
1991,21,12,54708
1991,21,13,54600
1991,21,14,54774
1991,21,15,52924
1991,21,16,53796
1991,21,17,54876
1991,21,18,54650
1991,21,19,61486
1991,21,20,63792
1991,21,21,59911
1991,21,22,54981
1991,21,23,52663
1991,21,24,53995
1991,21,25,53970
1991,21,26,57312
1991,21,27,59691
1991,21,28,56939
1991,21,29,63568
1991,21,30,61689
1991,21,31,61414
1991,21,32,61344
1991,21,33,62092
1991,21,34,64458
1991,21,35,61067
1991,21,36,59895
1991,21,37,59521
1991,21,38,54719
1991,21,39,60723
1991,21,40,56025
1991,21,41,54694
1991,21,42,54128
1991,21,43,53894
1991,21,44,59971
1991,21,45,42009
1991,21,46,41809
1991,21,47,42177
1991,21,48,42477
1991,21,49,41847
1991,21,50,38994
1991,21,51,36366
1991,21,52,36366
1991,21,53,35955
1991,21,54,34167
1991,21,55,32839
1991,21,56,34309
1991,21,57,32569
1991,21,58,30655
1991,21,59,32607
1991,21,60,32520
1991,21,61,31874
1991,21,62,31663
1991,21,63,33044
1991,21,64,32535
1991,21,65,30558
1991,21,66,30393
1991,21,67,30001
1991,21,68,28672
1991,21,69,28980
1991,21,70,27581
1991,21,71,25159
1991,21,72,24106
1991,21,73,21489
1991,21,74,21076
1991,21,75,20333
1991,21,76,19838
1991,21,77,18503
1991,21,78,18235
1991,21,79,16467
1991,21,80,14553
1991,21,81,13352
1991,21,82,12016
1991,21,83,11298
1991,21,84,9916
1991,21,85,48257
1991,22,0,68806
1991,22,1,67535
1991,22,2,66408
1991,22,3,65159
1991,22,4,66365
1991,22,5,68148
1991,22,6,69315
1991,22,7,67874
1991,22,8,67526
1991,22,9,72765
1991,22,10,72555
1991,22,11,72117
1991,22,12,67992
1991,22,13,66764
1991,22,14,66233
1991,22,15,63573
1991,22,16,63362
1991,22,17,64499
1991,22,18,63979
1991,22,19,70248
1991,22,20,72336
1991,22,21,68893
1991,22,22,64114
1991,22,23,62089
1991,22,24,63745
1991,22,25,62869
1991,22,26,65478
1991,22,27,67505
1991,22,28,64643
1991,22,29,72309
1991,22,30,71258
1991,22,31,70825
1991,22,32,70715
1991,22,33,71206
1991,22,34,73757
1991,22,35,70018
1991,22,36,68427
1991,22,37,68016
1991,22,38,61492
1991,22,39,66671
1991,22,40,61802
1991,22,41,60003
1991,22,42,58272
1991,22,43,56672
1991,22,44,63186
1991,22,45,44666
1991,22,46,45133
1991,22,47,45497
1991,22,48,45337
1991,22,49,44177
1991,22,50,40731
1991,22,51,38006
1991,22,52,37770
1991,22,53,37750
1991,22,54,36277
1991,22,55,34731
1991,22,56,35933
1991,22,57,33885
1991,22,58,32571
1991,22,59,34659
1991,22,60,34268
1991,22,61,33972
1991,22,62,33569
1991,22,63,35184
1991,22,64,35187
1991,22,65,32185
1991,22,66,31924
1991,22,67,31556
1991,22,68,29060
1991,22,69,29349
1991,22,70,28890
1991,22,71,26278
1991,22,72,24579
1991,22,73,21996
1991,22,74,21477
1991,22,75,20276
1991,22,76,19270
1991,22,77,18654
1991,22,78,17690
1991,22,79,16289
1991,22,80,14547
1991,22,81,13061
1991,22,82,11948
1991,22,83,10826
1991,22,84,9594
1991,22,85,44674
1991,23,0,16312
1991,23,1,17032
1991,23,2,17023
1991,23,3,17060
1991,23,4,17445
1991,23,5,17607
1991,23,6,17773
1991,23,7,17449
1991,23,8,16991
1991,23,9,18191
1991,23,10,17675
1991,23,11,17597
1991,23,12,17120
1991,23,13,16834
1991,23,14,16589
1991,23,15,16175
1991,23,16,16464
1991,23,17,16785
1991,23,18,16924
1991,23,19,18749
1991,23,20,19295
1991,23,21,18322
1991,23,22,16704
1991,23,23,16073
1991,23,24,16579
1991,23,25,16804
1991,23,26,17875
1991,23,27,18946
1991,23,28,18511
1991,23,29,21422
1991,23,30,20973
1991,23,31,20913
1991,23,32,21322
1991,23,33,21576
1991,23,34,22479
1991,23,35,21370
1991,23,36,21123
1991,23,37,21198
1991,23,38,19618
1991,23,39,21506
1991,23,40,19645
1991,23,41,19405
1991,23,42,19239
1991,23,43,19096
1991,23,44,20938
1991,23,45,14255
1991,23,46,14137
1991,23,47,14529
1991,23,48,14414
1991,23,49,13582
1991,23,50,12099
1991,23,51,11267
1991,23,52,11176
1991,23,53,11278
1991,23,54,10980
1991,23,55,10576
1991,23,56,10977
1991,23,57,10448
1991,23,58,10038
1991,23,59,11031
1991,23,60,10848
1991,23,61,10724
1991,23,62,10748
1991,23,63,11030
1991,23,64,10887
1991,23,65,10650
1991,23,66,10470
1991,23,67,10150
1991,23,68,9479
1991,23,69,9806
1991,23,70,9435
1991,23,71,8804
1991,23,72,8366
1991,23,73,7733
1991,23,74,7645
1991,23,75,7180
1991,23,76,6799
1991,23,77,6427
1991,23,78,6280
1991,23,79,5616
1991,23,80,5220
1991,23,81,4862
1991,23,82,4393
1991,23,83,4184
1991,23,84,3531
1991,23,85,18658
1991,24,0,77767
1991,24,1,77736
1991,24,2,74898
1991,24,3,73219
1991,24,4,72336
1991,24,5,70973
1991,24,6,69532
1991,24,7,67178
1991,24,8,65163
1991,24,9,68789
1991,24,10,66248
1991,24,11,64777
1991,24,12,61077
1991,24,13,59893
1991,24,14,59146
1991,24,15,57054
1991,24,16,58228
1991,24,17,58040
1991,24,18,60024
1991,24,19,67025
1991,24,20,71472
1991,24,21,71087
1991,24,22,69036
1991,24,23,70065
1991,24,24,75859
1991,24,25,79317
1991,24,26,85684
1991,24,27,90266
1991,24,28,86146
1991,24,29,96630
1991,24,30,94930
1991,24,31,93335
1991,24,32,92382
1991,24,33,91488
1991,24,34,93589
1991,24,35,88519
1991,24,36,85570
1991,24,37,84130
1991,24,38,77171
1991,24,39,84436
1991,24,40,78661
1991,24,41,76517
1991,24,42,75695
1991,24,43,75474
1991,24,44,84452
1991,24,45,59647
1991,24,46,59452
1991,24,47,60167
1991,24,48,60441
1991,24,49,57644
1991,24,50,52379
1991,24,51,47838
1991,24,52,46574
1991,24,53,45724
1991,24,54,43478
1991,24,55,41398
1991,24,56,42365
1991,24,57,39635
1991,24,58,37189
1991,24,59,39151
1991,24,60,39325
1991,24,61,38745
1991,24,62,38080
1991,24,63,38848
1991,24,64,38311
1991,24,65,36938
1991,24,66,36687
1991,24,67,36054
1991,24,68,33437
1991,24,69,34712
1991,24,70,32982
1991,24,71,30311
1991,24,72,28512
1991,24,73,25166
1991,24,74,24301
1991,24,75,22808
1991,24,76,21186
1991,24,77,19719
1991,24,78,18706
1991,24,79,17077
1991,24,80,14867
1991,24,81,13545
1991,24,82,12227
1991,24,83,11305
1991,24,84,9815
1991,24,85,48416
1991,25,0,86735
1991,25,1,88543
1991,25,2,85674
1991,25,3,83206
1991,25,4,81778
1991,25,5,80267
1991,25,6,78665
1991,25,7,75020
1991,25,8,72326
1991,25,9,76936
1991,25,10,74249
1991,25,11,73154
1991,25,12,70340
1991,25,13,68445
1991,25,14,68046
1991,25,15,66598
1991,25,16,69213
1991,25,17,70351
1991,25,18,72737
1991,25,19,90403
1991,25,20,103814
1991,25,21,103362
1991,25,22,99164
1991,25,23,97103
1991,25,24,101190
1991,25,25,103251
1991,25,26,107420
1991,25,27,110670
1991,25,28,104492
1991,25,29,116686
1991,25,30,112283
1991,25,31,109275
1991,25,32,108006
1991,25,33,107044
1991,25,34,109249
1991,25,35,103338
1991,25,36,99514
1991,25,37,97813
1991,25,38,89890
1991,25,39,98165
1991,25,40,90904
1991,25,41,88107
1991,25,42,87334
1991,25,43,86938
1991,25,44,97995
1991,25,45,68594
1991,25,46,67804
1991,25,47,68934
1991,25,48,69185
1991,25,49,64844
1991,25,50,58277
1991,25,51,53278
1991,25,52,52154
1991,25,53,51702
1991,25,54,50159
1991,25,55,48838
1991,25,56,50665
1991,25,57,48258
1991,25,58,45983
1991,25,59,49742
1991,25,60,50437
1991,25,61,50119
1991,25,62,50144
1991,25,63,51854
1991,25,64,51707
1991,25,65,51133
1991,25,66,51352
1991,25,67,50576
1991,25,68,47582
1991,25,69,48340
1991,25,70,46869
1991,25,71,44402
1991,25,72,42882
1991,25,73,40246
1991,25,74,38348
1991,25,75,36462
1991,25,76,34721
1991,25,77,32545
1991,25,78,32032
1991,25,79,28729
1991,25,80,25519
1991,25,81,24170
1991,25,82,22148
1991,25,83,20305
1991,25,84,17628
1991,25,85,94292
1991,26,0,144673
1991,26,1,148653
1991,26,2,142781
1991,26,3,139607
1991,26,4,139990
1991,26,5,140011
1991,26,6,139999
1991,26,7,134869
1991,26,8,132352
1991,26,9,142687
1991,26,10,141294
1991,26,11,141469
1991,26,12,135439
1991,26,13,132264
1991,26,14,131478
1991,26,15,127546
1991,26,16,130858
1991,26,17,133497
1991,26,18,133521
1991,26,19,147319
1991,26,20,154474
1991,26,21,148358
1991,26,22,138325
1991,26,23,134142
1991,26,24,138562
1991,26,25,137381
1991,26,26,143387
1991,26,27,150233
1991,26,28,144300
1991,26,29,163698
1991,26,30,160133
1991,26,31,159873
1991,26,32,161027
1991,26,33,163087
1991,26,34,170554
1991,26,35,161795
1991,26,36,157120
1991,26,37,155031
1991,26,38,142162
1991,26,39,156445
1991,26,40,144188
1991,26,41,140247
1991,26,42,136864
1991,26,43,134796
1991,26,44,150025
1991,26,45,104510
1991,26,46,104051
1991,26,47,107780
1991,26,48,110060
1991,26,49,105531
1991,26,50,94974
1991,26,51,87129
1991,26,52,86356
1991,26,53,85603
1991,26,54,82554
1991,26,55,79989
1991,26,56,81809
1991,26,57,76485
1991,26,58,71754
1991,26,59,77936
1991,26,60,79817
1991,26,61,79464
1991,26,62,78637
1991,26,63,81363
1991,26,64,80909
1991,26,65,77800
1991,26,66,76521
1991,26,67,73853
1991,26,68,69632
1991,26,69,70330
1991,26,70,66824
1991,26,71,61516
1991,26,72,58475
1991,26,73,55254
1991,26,74,52507
1991,26,75,50408
1991,26,76,47462
1991,26,77,43950
1991,26,78,41763
1991,26,79,37462
1991,26,80,32792
1991,26,81,29983
1991,26,82,27324
1991,26,83,25173
1991,26,84,22008
1991,26,85,110760
1991,27,0,65413
1991,27,1,67974
1991,27,2,67853
1991,27,3,67373
1991,27,4,68663
1991,27,5,69586
1991,27,6,70183
1991,27,7,68114
1991,27,8,67091
1991,27,9,72348
1991,27,10,70816
1991,27,11,69494
1991,27,12,65575
1991,27,13,63008
1991,27,14,61467
1991,27,15,58668
1991,27,16,59053
1991,27,17,57178
1991,27,18,56165
1991,27,19,61667
1991,27,20,66276
1991,27,21,64598
1991,27,22,60701
1991,27,23,59247
1991,27,24,62701
1991,27,25,64209
1991,27,26,69074
1991,27,27,73648
1991,27,28,72444
1991,27,29,83009
1991,27,30,81481
1991,27,31,81667
1991,27,32,80595
1991,27,33,79919
1991,27,34,82251
1991,27,35,77556
1991,27,36,75158
1991,27,37,74557
1991,27,38,68580
1991,27,39,75974
1991,27,40,69024
1991,27,41,66320
1991,27,42,63762
1991,27,43,61963
1991,27,44,68844
1991,27,45,48000
1991,27,46,47804
1991,27,47,48794
1991,27,48,48941
1991,27,49,46986
1991,27,50,43035
1991,27,51,39840
1991,27,52,39077
1991,27,53,38712
1991,27,54,37446
1991,27,55,35416
1991,27,56,36141
1991,27,57,34085
1991,27,58,31991
1991,27,59,34537
1991,27,60,34481
1991,27,61,33863
1991,27,62,33636
1991,27,63,34682
1991,27,64,34679
1991,27,65,32888
1991,27,66,32943
1991,27,67,32004
1991,27,68,30325
1991,27,69,30997
1991,27,70,30175
1991,27,71,27804
1991,27,72,26979
1991,27,73,25878
1991,27,74,25199
1991,27,75,24580
1991,27,76,23484
1991,27,77,22142
1991,27,78,21773
1991,27,79,19444
1991,27,80,17934
1991,27,81,16586
1991,27,82,15105
1991,27,83,14478
1991,27,84,12735
1991,27,85,70583
1991,28,0,41070
1991,28,1,40425
1991,28,2,39091
1991,28,3,38066
1991,28,4,38255
1991,28,5,39429
1991,28,6,40244
1991,28,7,39575
1991,28,8,39702
1991,28,9,43283
1991,28,10,43887
1991,28,11,43941
1991,28,12,41952
1991,28,13,41662
1991,28,14,41650
1991,28,15,40430
1991,28,16,41096
1991,28,17,42523
1991,28,18,42343
1991,28,19,48072
1991,28,20,49406
1991,28,21,45322
1991,28,22,40450
1991,28,23,37382
1991,28,24,36803
1991,28,25,36081
1991,28,26,37696
1991,28,27,39130
1991,28,28,37419
1991,28,29,41476
1991,28,30,40509
1991,28,31,40408
1991,28,32,40007
1991,28,33,40161
1991,28,34,42085
1991,28,35,40269
1991,28,36,39294
1991,28,37,38880
1991,28,38,35266
1991,28,39,38436
1991,28,40,35831
1991,28,41,35066
1991,28,42,34411
1991,28,43,33765
1991,28,44,37441
1991,28,45,26537
1991,28,46,26586
1991,28,47,27097
1991,28,48,27122
1991,28,49,26568
1991,28,50,24823
1991,28,51,23514
1991,28,52,23533
1991,28,53,23613
1991,28,54,22941
1991,28,55,22242
1991,28,56,22772
1991,28,57,21399
1991,28,58,20285
1991,28,59,21406
1991,28,60,21628
1991,28,61,21123
1991,28,62,20996
1991,28,63,22067
1991,28,64,22189
1991,28,65,20592
1991,28,66,20514
1991,28,67,19996
1991,28,68,18653
1991,28,69,18591
1991,28,70,19338
1991,28,71,17779
1991,28,72,16340
1991,28,73,14514
1991,28,74,14239
1991,28,75,13962
1991,28,76,13606
1991,28,77,13086
1991,28,78,12423
1991,28,79,11993
1991,28,80,10980
1991,28,81,9510
1991,28,82,8662
1991,28,83,7996
1991,28,84,7124
1991,28,85,33201
1991,29,0,76144
1991,29,1,75953
1991,29,2,74421
1991,29,3,73381
1991,29,4,74465
1991,29,5,75550
1991,29,6,75292
1991,29,7,73716
1991,29,8,73109
1991,29,9,78513
1991,29,10,78220
1991,29,11,77632
1991,29,12,73533
1991,29,13,71885
1991,29,14,71108
1991,29,15,68321
1991,29,16,69579
1991,29,17,69093
1991,29,18,68259
1991,29,19,76568
1991,29,20,80615
1991,29,21,76670
1991,29,22,70223
1991,29,23,67616
1991,29,24,70859
1991,29,25,71817
1991,29,26,77197
1991,29,27,81697
1991,29,28,79493
1991,29,29,90495
1991,29,30,88512
1991,29,31,87769
1991,29,32,86495
1991,29,33,86364
1991,29,34,89811
1991,29,35,84421
1991,29,36,81725
1991,29,37,80902
1991,29,38,73738
1991,29,39,80811
1991,29,40,74572
1991,29,41,72701
1991,29,42,71167
1991,29,43,70431
1991,29,44,78956
1991,29,45,55615
1991,29,46,56324
1991,29,47,58029
1991,29,48,58559
1991,29,49,57076
1991,29,50,52660
1991,29,51,49135
1991,29,52,48447
1991,29,53,47975
1991,29,54,46485
1991,29,55,44928
1991,29,56,47147
1991,29,57,45072
1991,29,58,42552
1991,29,59,45687
1991,29,60,45729
1991,29,61,44883
1991,29,62,44430
1991,29,63,46235
1991,29,64,46390
1991,29,65,44650
1991,29,66,44388
1991,29,67,43575
1991,29,68,41676
1991,29,69,42225
1991,29,70,40636
1991,29,71,37391
1991,29,72,35661
1991,29,73,33239
1991,29,74,31847
1991,29,75,31170
1991,29,76,30231
1991,29,77,28796
1991,29,78,28666
1991,29,79,25636
1991,29,80,23675
1991,29,81,21872
1991,29,82,20125
1991,29,83,18658
1991,29,84,16421
1991,29,85,84075
1991,30,0,11321
1991,30,1,11703
1991,30,2,11675
1991,30,3,11889
1991,30,4,12305
1991,30,5,12539
1991,30,6,12918
1991,30,7,12807
1991,30,8,12719
1991,30,9,13770
1991,30,10,13456
1991,30,11,13526
1991,30,12,12901
1991,30,13,12592
1991,30,14,12567
1991,30,15,11993
1991,30,16,12065
1991,30,17,11767
1991,30,18,11214
1991,30,19,11443
1991,30,20,11228
1991,30,21,10327
1991,30,22,9442
1991,30,23,8983
1991,30,24,9133
1991,30,25,9099
1991,30,26,9718
1991,30,27,10409
1991,30,28,10406
1991,30,29,12109
1991,30,30,12127
1991,30,31,12684
1991,30,32,12914
1991,30,33,13244
1991,30,34,13998
1991,30,35,13692
1991,30,36,13727
1991,30,37,14097
1991,30,38,13117
1991,30,39,14370
1991,30,40,13096
1991,30,41,12702
1991,30,42,12401
1991,30,43,12012
1991,30,44,13257
1991,30,45,9316
1991,30,46,9190
1991,30,47,9280
1991,30,48,9291
1991,30,49,9026
1991,30,50,8343
1991,30,51,7814
1991,30,52,7612
1991,30,53,7506
1991,30,54,7368
1991,30,55,7033
1991,30,56,7225
1991,30,57,6749
1991,30,58,6292
1991,30,59,6854
1991,30,60,6994
1991,30,61,6998
1991,30,62,7007
1991,30,63,7069
1991,30,64,7025
1991,30,65,6563
1991,30,66,6718
1991,30,67,6346
1991,30,68,6122
1991,30,69,6319
1991,30,70,6267
1991,30,71,6072
1991,30,72,5767
1991,30,73,5530
1991,30,74,5203
1991,30,75,4961
1991,30,76,4691
1991,30,77,4365
1991,30,78,4272
1991,30,79,3853
1991,30,80,3508
1991,30,81,3131
1991,30,82,2773
1991,30,83,2596
1991,30,84,2198
1991,30,85,11128
1991,31,0,23398
1991,31,1,24232
1991,31,2,23937
1991,31,3,23715
1991,31,4,24221
1991,31,5,24554
1991,31,6,25046
1991,31,7,24730
1991,31,8,24444
1991,31,9,26254
1991,31,10,25990
1991,31,11,25500
1991,31,12,23998
1991,31,13,23411
1991,31,14,23141
1991,31,15,22306
1991,31,16,22649
1991,31,17,22118
1991,31,18,21609
1991,31,19,23663
1991,31,20,24395
1991,31,21,23182
1991,31,22,21282
1991,31,23,20381
1991,31,24,21197
1991,31,25,21329
1991,31,26,22496
1991,31,27,24118
1991,31,28,23615
1991,31,29,26770
1991,31,30,26378
1991,31,31,26416
1991,31,32,26139
1991,31,33,26091
1991,31,34,27184
1991,31,35,25995
1991,31,36,25459
1991,31,37,25429
1991,31,38,23667
1991,31,39,25962
1991,31,40,23654
1991,31,41,22899
1991,31,42,22299
1991,31,43,21455
1991,31,44,23502
1991,31,45,16407
1991,31,46,16355
1991,31,47,16704
1991,31,48,16686
1991,31,49,16025
1991,31,50,14591
1991,31,51,13704
1991,31,52,13802
1991,31,53,13844
1991,31,54,13672
1991,31,55,13164
1991,31,56,13802
1991,31,57,13198
1991,31,58,12350
1991,31,59,13496
1991,31,60,13737
1991,31,61,13499
1991,31,62,13397
1991,31,63,13830
1991,31,64,13735
1991,31,65,13108
1991,31,66,13098
1991,31,67,12727
1991,31,68,12136
1991,31,69,12398
1991,31,70,12152
1991,31,71,11148
1991,31,72,10874
1991,31,73,10164
1991,31,74,9819
1991,31,75,9516
1991,31,76,9203
1991,31,77,8915
1991,31,78,8804
1991,31,79,8052
1991,31,80,7623
1991,31,81,7016
1991,31,82,6324
1991,31,83,6105
1991,31,84,5405
1991,31,85,30010
1991,32,0,21903
1991,32,1,21574
1991,32,2,20447
1991,32,3,19584
1991,32,4,19447
1991,32,5,19242
1991,32,6,18916
1991,32,7,18077
1991,32,8,17593
1991,32,9,18611
1991,32,10,17964
1991,32,11,17657
1991,32,12,16713
1991,32,13,16091
1991,32,14,15928
1991,32,15,15255
1991,32,16,15528
1991,32,17,15015
1991,32,18,15342
1991,32,19,16394
1991,32,20,17098
1991,32,21,17388
1991,32,22,17323
1991,32,23,17885
1991,32,24,19515
1991,32,25,20563
1991,32,26,22260
1991,32,27,23419
1991,32,28,22843
1991,32,29,25453
1991,32,30,25168
1991,32,31,24270
1991,32,32,23529
1991,32,33,23376
1991,32,34,24120
1991,32,35,23283
1991,32,36,22493
1991,32,37,21847
1991,32,38,19859
1991,32,39,21299
1991,32,40,20195
1991,32,41,19712
1991,32,42,19258
1991,32,43,19241
1991,32,44,21554
1991,32,45,15590
1991,32,46,15650
1991,32,47,15686
1991,32,48,15889
1991,32,49,15159
1991,32,50,14496
1991,32,51,13500
1991,32,52,13003
1991,32,53,12834
1991,32,54,12391
1991,32,55,11940
1991,32,56,12173
1991,32,57,11382
1991,32,58,10521
1991,32,59,11064
1991,32,60,11443
1991,32,61,11311
1991,32,62,10897
1991,32,63,11012
1991,32,64,10929
1991,32,65,11122
1991,32,66,10976
1991,32,67,10729
1991,32,68,9747
1991,32,69,10026
1991,32,70,9271
1991,32,71,8364
1991,32,72,7814
1991,32,73,7050
1991,32,74,6488
1991,32,75,6123
1991,32,76,5576
1991,32,77,4888
1991,32,78,4501
1991,32,79,3986
1991,32,80,3317
1991,32,81,2878
1991,32,82,2521
1991,32,83,2293
1991,32,84,1923
1991,32,85,8351
1991,33,0,16043
1991,33,1,17153
1991,33,2,17013
1991,33,3,16860
1991,33,4,16824
1991,33,5,16756
1991,33,6,16511
1991,33,7,15776
1991,33,8,15420
1991,33,9,16405
1991,33,10,16008
1991,33,11,15502
1991,33,12,14715
1991,33,13,14244
1991,33,14,13910
1991,33,15,13241
1991,33,16,13755
1991,33,17,13698
1991,33,18,13617
1991,33,19,16012
1991,33,20,17495
1991,33,21,17041
1991,33,22,16034
1991,33,23,15180
1991,33,24,15519
1991,33,25,16015
1991,33,26,17414
1991,33,27,18754
1991,33,28,18464
1991,33,29,21313
1991,33,30,21079
1991,33,31,21147
1991,33,32,21514
1991,33,33,21610
1991,33,34,22204
1991,33,35,20906
1991,33,36,20236
1991,33,37,19979
1991,33,38,18362
1991,33,39,20047
1991,33,40,18031
1991,33,41,17558
1991,33,42,17509
1991,33,43,17712
1991,33,44,19487
1991,33,45,13175
1991,33,46,12764
1991,33,47,13140
1991,33,48,13224
1991,33,49,12233
1991,33,50,10747
1991,33,51,9901
1991,33,52,9622
1991,33,53,9450
1991,33,54,9118
1991,33,55,8812
1991,33,56,9051
1991,33,57,8594
1991,33,58,8052
1991,33,59,8617
1991,33,60,8605
1991,33,61,8479
1991,33,62,8365
1991,33,63,8539
1991,33,64,8491
1991,33,65,8359
1991,33,66,8221
1991,33,67,7956
1991,33,68,7551
1991,33,69,7706
1991,33,70,7380
1991,33,71,6925
1991,33,72,6513
1991,33,73,6073
1991,33,74,5843
1991,33,75,5526
1991,33,76,5289
1991,33,77,5042
1991,33,78,4775
1991,33,79,4318
1991,33,80,3914
1991,33,81,3646
1991,33,82,3385
1991,33,83,3150
1991,33,84,2576
1991,33,85,13855
1991,34,0,118536
1991,34,1,116710
1991,34,2,112477
1991,34,3,109423
1991,34,4,107249
1991,34,5,104234
1991,34,6,101856
1991,34,7,97999
1991,34,8,95409
1991,34,9,101717
1991,34,10,100063
1991,34,11,100105
1991,34,12,96867
1991,34,13,95805
1991,34,14,96476
1991,34,15,93920
1991,34,16,96992
1991,34,17,97573
1991,34,18,98470
1991,34,19,105939
1991,34,20,110687
1991,34,21,109412
1991,34,22,105102
1991,34,23,106365
1991,34,24,115058
1991,34,25,119242
1991,34,26,125623
1991,34,27,131026
1991,34,28,126182
1991,34,29,142503
1991,34,30,142222
1991,34,31,139968
1991,34,32,139209
1991,34,33,138483
1991,34,34,142094
1991,34,35,136509
1991,34,36,131694
1991,34,37,127749
1991,34,38,117168
1991,34,39,127803
1991,34,40,120721
1991,34,41,117095
1991,34,42,115098
1991,34,43,115947
1991,34,44,131205
1991,34,45,94699
1991,34,46,93353
1991,34,47,94581
1991,34,48,97362
1991,34,49,91947
1991,34,50,83837
1991,34,51,76918
1991,34,52,75118
1991,34,53,74934
1991,34,54,72131
1991,34,55,69836
1991,34,56,71474
1991,34,57,68043
1991,34,58,64996
1991,34,59,69835
1991,34,60,72290
1991,34,61,71551
1991,34,62,70732
1991,34,63,72584
1991,34,64,71563
1991,34,65,68825
1991,34,66,69181
1991,34,67,67437
1991,34,68,63174
1991,34,69,65677
1991,34,70,62705
1991,34,71,57884
1991,34,72,55991
1991,34,73,51538
1991,34,74,49564
1991,34,75,46903
1991,34,76,43384
1991,34,77,40646
1991,34,78,39369
1991,34,79,35657
1991,34,80,31245
1991,34,81,28539
1991,34,82,25622
1991,34,83,23129
1991,34,84,20175
1991,34,85,97855
1991,35,0,27203
1991,35,1,26848
1991,35,2,25781
1991,35,3,25564
1991,35,4,25947
1991,35,5,26280
1991,35,6,26478
1991,35,7,26067
1991,35,8,25647
1991,35,9,27331
1991,35,10,26924
1991,35,11,26459
1991,35,12,25127
1991,35,13,24259
1991,35,14,24304
1991,35,15,23227
1991,35,16,23397
1991,35,17,23146
1991,35,18,22637
1991,35,19,23592
1991,35,20,23403
1991,35,21,22062
1991,35,22,20518
1991,35,23,20026
1991,35,24,20951
1991,35,25,21257
1991,35,26,22692
1991,35,27,24099
1991,35,28,23820
1991,35,29,27112
1991,35,30,26747
1991,35,31,26487
1991,35,32,25978
1991,35,33,26108
1991,35,34,27334
1991,35,35,25781
1991,35,36,25250
1991,35,37,25209
1991,35,38,23373
1991,35,39,25484
1991,35,40,23667
1991,35,41,23041
1991,35,42,22433
1991,35,43,21694
1991,35,44,23762
1991,35,45,16860
1991,35,46,16853
1991,35,47,16663
1991,35,48,16417
1991,35,49,15855
1991,35,50,14862
1991,35,51,13816
1991,35,52,13693
1991,35,53,13653
1991,35,54,13108
1991,35,55,12495
1991,35,56,13057
1991,35,57,12459
1991,35,58,11645
1991,35,59,12365
1991,35,60,12542
1991,35,61,12364
1991,35,62,12076
1991,35,63,12114
1991,35,64,11870
1991,35,65,11460
1991,35,66,11410
1991,35,67,11256
1991,35,68,10508
1991,35,69,10813
1991,35,70,10167
1991,35,71,9309
1991,35,72,8724
1991,35,73,7941
1991,35,74,7787
1991,35,75,7519
1991,35,76,6907
1991,35,77,6652
1991,35,78,6431
1991,35,79,5548
1991,35,80,4964
1991,35,81,4569
1991,35,82,3959
1991,35,83,3769
1991,35,84,3150
1991,35,85,14999
1991,36,0,284635
1991,36,1,276693
1991,36,2,264265
1991,36,3,255782
1991,36,4,251204
1991,36,5,245699
1991,36,6,241112
1991,36,7,232322
1991,36,8,226283
1991,36,9,241110
1991,36,10,235991
1991,36,11,234026
1991,36,12,227048
1991,36,13,226116
1991,36,14,227907
1991,36,15,221387
1991,36,16,227064
1991,36,17,227308
1991,36,18,230275
1991,36,19,260912
1991,36,20,287997
1991,36,21,285346
1991,36,22,271914
1991,36,23,266792
1991,36,24,280160
1991,36,25,290280
1991,36,26,301334
1991,36,27,309001
1991,36,28,295650
1991,36,29,328933
1991,36,30,330792
1991,36,31,320627
1991,36,32,313847
1991,36,33,308909
1991,36,34,314484
1991,36,35,309028
1991,36,36,297491
1991,36,37,285333
1991,36,38,263525
1991,36,39,288714
1991,36,40,280347
1991,36,41,269482
1991,36,42,260044
1991,36,43,256974
1991,36,44,285883
1991,36,45,211911
1991,36,46,209802
1991,36,47,208116
1991,36,48,211213
1991,36,49,201949
1991,36,50,193551
1991,36,51,178337
1991,36,52,172449
1991,36,53,170739
1991,36,54,165257
1991,36,55,162985
1991,36,56,166707
1991,36,57,156294
1991,36,58,147784
1991,36,59,157824
1991,36,60,165943
1991,36,61,163341
1991,36,62,159934
1991,36,63,163502
1991,36,64,160775
1991,36,65,155359
1991,36,66,152993
1991,36,67,148520
1991,36,68,137092
1991,36,69,146095
1991,36,70,137755
1991,36,71,125146
1991,36,72,119936
1991,36,73,110255
1991,36,74,108384
1991,36,75,103458
1991,36,76,96621
1991,36,77,91589
1991,36,78,88697
1991,36,79,83621
1991,36,80,72596
1991,36,81,66862
1991,36,82,60775
1991,36,83,55818
1991,36,84,49595
1991,36,85,249926
1991,37,0,100965
1991,37,1,99987
1991,37,2,96783
1991,37,3,93788
1991,37,4,92534
1991,37,5,91375
1991,37,6,89985
1991,37,7,86703
1991,37,8,85536
1991,37,9,91589
1991,37,10,90524
1991,37,11,90918
1991,37,12,88257
1991,37,13,88391
1991,37,14,88867
1991,37,15,86213
1991,37,16,89761
1991,37,17,91221
1991,37,18,93765
1991,37,19,111106
1991,37,20,123291
1991,37,21,120880
1991,37,22,113361
1991,37,23,107272
1991,37,24,107341
1991,37,25,105792
1991,37,26,110520
1991,37,27,114643
1991,37,28,109600
1991,37,29,121795
1991,37,30,117972
1991,37,31,115781
1991,37,32,114363
1991,37,33,114406
1991,37,34,119055
1991,37,35,113287
1991,37,36,110478
1991,37,37,109796
1991,37,38,100881
1991,37,39,110199
1991,37,40,102210
1991,37,41,99674
1991,37,42,98889
1991,37,43,98861
1991,37,44,110140
1991,37,45,78261
1991,37,46,77993
1991,37,47,79001
1991,37,48,78879
1991,37,49,75802
1991,37,50,69696
1991,37,51,64705
1991,37,52,63877
1991,37,53,63785
1991,37,54,62169
1991,37,55,60660
1991,37,56,62828
1991,37,57,59053
1991,37,58,55701
1991,37,59,58820
1991,37,60,57954
1991,37,61,57270
1991,37,62,57628
1991,37,63,59948
1991,37,64,59089
1991,37,65,57148
1991,37,66,56466
1991,37,67,55386
1991,37,68,52413
1991,37,69,52948
1991,37,70,50977
1991,37,71,46274
1991,37,72,43553
1991,37,73,39508
1991,37,74,37399
1991,37,75,36665
1991,37,76,34317
1991,37,77,31905
1991,37,78,30705
1991,37,79,27733
1991,37,80,24727
1991,37,81,21828
1991,37,82,19150
1991,37,83,17554
1991,37,84,15714
1991,37,85,73891
1991,38,0,8539
1991,38,1,9160
1991,38,2,9178
1991,38,3,9177
1991,38,4,9426
1991,38,5,9742
1991,38,6,9859
1991,38,7,9874
1991,38,8,9901
1991,38,9,10673
1991,38,10,10333
1991,38,11,10243
1991,38,12,9692
1991,38,13,9474
1991,38,14,9352
1991,38,15,8988
1991,38,16,8901
1991,38,17,8883
1991,38,18,8744
1991,38,19,9715
1991,38,20,10608
1991,38,21,10461
1991,38,22,9621
1991,38,23,9051
1991,38,24,9034
1991,38,25,8755
1991,38,26,9075
1991,38,27,9426
1991,38,28,9246
1991,38,29,10468
1991,38,30,10241
1991,38,31,10390
1991,38,32,10401
1991,38,33,10412
1991,38,34,10894
1991,38,35,10467
1991,38,36,10330
1991,38,37,10290
1991,38,38,9440
1991,38,39,10257
1991,38,40,9189
1991,38,41,8731
1991,38,42,8397
1991,38,43,8040
1991,38,44,8721
1991,38,45,6232
1991,38,46,6252
1991,38,47,6266
1991,38,48,6145
1991,38,49,6021
1991,38,50,5529
1991,38,51,5178
1991,38,52,5211
1991,38,53,5262
1991,38,54,5285
1991,38,55,5175
1991,38,56,5437
1991,38,57,5234
1991,38,58,4926
1991,38,59,5280
1991,38,60,5307
1991,38,61,5391
1991,38,62,5407
1991,38,63,5497
1991,38,64,5481
1991,38,65,5197
1991,38,66,5067
1991,38,67,4896
1991,38,68,4726
1991,38,69,4855
1991,38,70,4839
1991,38,71,4474
1991,38,72,4502
1991,38,73,4360
1991,38,74,4231
1991,38,75,4028
1991,38,76,4018
1991,38,77,3822
1991,38,78,3911
1991,38,79,3474
1991,38,80,3260
1991,38,81,2975
1991,38,82,2712
1991,38,83,2552
1991,38,84,2234
1991,38,85,11751
1991,39,0,159922
1991,39,1,160603
1991,39,2,157403
1991,39,3,155142
1991,39,4,156506
1991,39,5,157196
1991,39,6,157480
1991,39,7,152873
1991,39,8,151081
1991,39,9,164204
1991,39,10,162366
1991,39,11,161978
1991,39,12,154515
1991,39,13,150911
1991,39,14,150244
1991,39,15,145772
1991,39,16,149413
1991,39,17,151680
1991,39,18,150609
1991,39,19,167473
1991,39,20,176322
1991,39,21,168565
1991,39,22,157070
1991,39,23,151759
1991,39,24,156327
1991,39,25,155707
1991,39,26,163828
1991,39,27,170784
1991,39,28,163263
1991,39,29,186702
1991,39,30,182870
1991,39,31,182693
1991,39,32,184419
1991,39,33,187978
1991,39,34,195356
1991,39,35,183464
1991,39,36,178951
1991,39,37,176520
1991,39,38,161927
1991,39,39,178799
1991,39,40,164163
1991,39,41,161372
1991,39,42,158651
1991,39,43,158209
1991,39,44,176001
1991,39,45,119773
1991,39,46,117169
1991,39,47,120951
1991,39,48,125247
1991,39,49,122774
1991,39,50,112076
1991,39,51,104108
1991,39,52,104402
1991,39,53,104733
1991,39,54,101251
1991,39,55,96908
1991,39,56,100444
1991,39,57,94211
1991,39,58,88627
1991,39,59,96172
1991,39,60,98057
1991,39,61,97223
1991,39,62,97121
1991,39,63,100905
1991,39,64,100693
1991,39,65,95749
1991,39,66,96461
1991,39,67,93162
1991,39,68,88318
1991,39,69,88885
1991,39,70,84883
1991,39,71,77704
1991,39,72,74492
1991,39,73,69496
1991,39,74,66017
1991,39,75,62846
1991,39,76,60199
1991,39,77,54584
1991,39,78,53003
1991,39,79,47148
1991,39,80,41642
1991,39,81,38193
1991,39,82,34989
1991,39,83,32468
1991,39,84,28360
1991,39,85,143168
1991,40,0,46826
1991,40,1,46750
1991,40,2,45718
1991,40,3,45127
1991,40,4,46209
1991,40,5,47194
1991,40,6,47894
1991,40,7,47724
1991,40,8,47857
1991,40,9,51330
1991,40,10,50301
1991,40,11,49674
1991,40,12,47057
1991,40,13,45999
1991,40,14,46405
1991,40,15,45052
1991,40,16,45874
1991,40,17,44890
1991,40,18,44583
1991,40,19,49423
1991,40,20,51147
1991,40,21,48543
1991,40,22,44559
1991,40,23,41901
1991,40,24,42228
1991,40,25,42032
1991,40,26,44545
1991,40,27,47679
1991,40,28,46864
1991,40,29,52787
1991,40,30,51909
1991,40,31,51631
1991,40,32,51158
1991,40,33,51241
1991,40,34,53312
1991,40,35,50673
1991,40,36,49716
1991,40,37,49464
1991,40,38,45134
1991,40,39,48914
1991,40,40,45175
1991,40,41,43950
1991,40,42,43347
1991,40,43,43300
1991,40,44,48767
1991,40,45,34566
1991,40,46,35429
1991,40,47,36050
1991,40,48,35503
1991,40,49,34556
1991,40,50,32436
1991,40,51,30509
1991,40,52,29987
1991,40,53,29614
1991,40,54,28701
1991,40,55,28275
1991,40,56,29874
1991,40,57,28395
1991,40,58,26235
1991,40,59,27751
1991,40,60,28047
1991,40,61,27404
1991,40,62,26789
1991,40,63,27734
1991,40,64,27810
1991,40,65,26999
1991,40,66,27056
1991,40,67,26394
1991,40,68,25098
1991,40,69,25373
1991,40,70,24333
1991,40,71,22836
1991,40,72,21303
1991,40,73,19347
1991,40,74,18897
1991,40,75,18013
1991,40,76,17910
1991,40,77,16926
1991,40,78,16845
1991,40,79,14839
1991,40,80,13718
1991,40,81,12780
1991,40,82,12125
1991,40,83,11050
1991,40,84,9829
1991,40,85,47272
1991,41,0,42016
1991,41,1,42590
1991,41,2,41823
1991,41,3,41258
1991,41,4,41866
1991,41,5,42322
1991,41,6,42439
1991,41,7,41829
1991,41,8,41131
1991,41,9,44649
1991,41,10,44268
1991,41,11,43955
1991,41,12,41900
1991,41,13,41020
1991,41,14,40980
1991,41,15,39321
1991,41,16,39332
1991,41,17,37983
1991,41,18,36902
1991,41,19,39137
1991,41,20,41288
1991,41,21,40597
1991,41,22,37885
1991,41,23,36562
1991,41,24,37655
1991,41,25,37824
1991,41,26,39141
1991,41,27,41109
1991,41,28,40930
1991,41,29,47244
1991,41,30,47072
1991,41,31,46955
1991,41,32,47209
1991,41,33,48653
1991,41,34,51852
1991,41,35,50665
1991,41,36,51019
1991,41,37,52314
1991,41,38,49116
1991,41,39,54015
1991,41,40,49924
1991,41,41,48659
1991,41,42,47024
1991,41,43,46340
1991,41,44,51693
1991,41,45,35970
1991,41,46,35329
1991,41,47,35370
1991,41,48,34885
1991,41,49,33122
1991,41,50,30349
1991,41,51,27985
1991,41,52,26986
1991,41,53,26271
1991,41,54,25217
1991,41,55,23886
1991,41,56,24550
1991,41,57,23216
1991,41,58,21591
1991,41,59,23338
1991,41,60,23794
1991,41,61,23544
1991,41,62,23550
1991,41,63,24573
1991,41,64,25121
1991,41,65,24577
1991,41,66,24886
1991,41,67,24520
1991,41,68,23520
1991,41,69,24505
1991,41,70,23670
1991,41,71,21908
1991,41,72,20972
1991,41,73,19330
1991,41,74,18824
1991,41,75,18336
1991,41,76,17382
1991,41,77,16179
1991,41,78,15766
1991,41,79,13934
1991,41,80,12690
1991,41,81,11405
1991,41,82,10065
1991,41,83,9455
1991,41,84,8168
1991,41,85,40540
1991,42,0,162836
1991,42,1,165020
1991,42,2,161828
1991,42,3,159617
1991,42,4,161236
1991,42,5,160404
1991,42,6,158849
1991,42,7,154621
1991,42,8,152358
1991,42,9,163474
1991,42,10,159593
1991,42,11,159097
1991,42,12,152771
1991,42,13,149884
1991,42,14,149969
1991,42,15,145613
1991,42,16,149727
1991,42,17,151978
1991,42,18,152971
1991,42,19,175334
1991,42,20,189946
1991,42,21,184594
1991,42,22,173446
1991,42,23,164289
1991,42,24,165864
1991,42,25,165113
1991,42,26,172773
1991,42,27,179004
1991,42,28,170816
1991,42,29,195634
1991,42,30,194117
1991,42,31,194235
1991,42,32,196666
1991,42,33,199741
1991,42,34,207285
1991,42,35,197161
1991,42,36,192381
1991,42,37,190511
1991,42,38,175904
1991,42,39,193326
1991,42,40,177301
1991,42,41,171047
1991,42,42,168196
1991,42,43,170241
1991,42,44,190436
1991,42,45,131428
1991,42,46,128883
1991,42,47,134175
1991,42,48,137866
1991,42,49,131986
1991,42,50,120509
1991,42,51,112076
1991,42,52,111568
1991,42,53,112475
1991,42,54,109843
1991,42,55,106723
1991,42,56,110547
1991,42,57,105661
1991,42,58,101417
1991,42,59,111677
1991,42,60,115445
1991,42,61,115914
1991,42,62,116880
1991,42,63,123547
1991,42,64,124274
1991,42,65,120373
1991,42,66,120235
1991,42,67,116247
1991,42,68,110901
1991,42,69,113829
1991,42,70,109453
1991,42,71,102666
1991,42,72,98785
1991,42,73,91755
1991,42,74,87912
1991,42,75,84765
1991,42,76,79504
1991,42,77,73482
1991,42,78,70265
1991,42,79,63832
1991,42,80,55760
1991,42,81,51171
1991,42,82,46105
1991,42,83,42071
1991,42,84,36599
1991,42,85,177349
1991,44,0,14414
1991,44,1,14467
1991,44,2,13844
1991,44,3,13505
1991,44,4,13424
1991,44,5,13069
1991,44,6,12946
1991,44,7,12507
1991,44,8,12213
1991,44,9,13131
1991,44,10,12706
1991,44,11,12533
1991,44,12,12055
1991,44,13,11820
1991,44,14,11643
1991,44,15,11159
1991,44,16,11566
1991,44,17,11848
1991,44,18,12228
1991,44,19,16224
1991,44,20,19188
1991,44,21,18931
1991,44,22,17423
1991,44,23,16168
1991,44,24,15931
1991,44,25,15737
1991,44,26,16210
1991,44,27,16906
1991,44,28,16100
1991,44,29,18119
1991,44,30,17728
1991,44,31,17463
1991,44,32,17317
1991,44,33,17482
1991,44,34,17951
1991,44,35,17003
1991,44,36,16637
1991,44,37,16319
1991,44,38,14702
1991,44,39,15965
1991,44,40,14628
1991,44,41,14247
1991,44,42,14060
1991,44,43,13950
1991,44,44,15647
1991,44,45,11023
1991,44,46,10899
1991,44,47,10998
1991,44,48,11090
1991,44,49,10327
1991,44,50,9308
1991,44,51,8610
1991,44,52,8580
1991,44,53,8549
1991,44,54,8250
1991,44,55,8087
1991,44,56,8331
1991,44,57,7998
1991,44,58,7654
1991,44,59,8280
1991,44,60,8617
1991,44,61,8762
1991,44,62,8966
1991,44,63,9419
1991,44,64,9497
1991,44,65,9388
1991,44,66,9340
1991,44,67,9319
1991,44,68,8879
1991,44,69,9155
1991,44,70,8809
1991,44,71,8136
1991,44,72,7846
1991,44,73,7449
1991,44,74,7030
1991,44,75,6689
1991,44,76,6405
1991,44,77,6055
1991,44,78,5835
1991,44,79,5251
1991,44,80,4680
1991,44,81,4314
1991,44,82,4003
1991,44,83,3620
1991,44,84,3198
1991,44,85,16230
1991,45,0,55791
1991,45,1,55297
1991,45,2,53282
1991,45,3,51554
1991,45,4,51226
1991,45,5,50997
1991,45,6,50637
1991,45,7,49425
1991,45,8,48835
1991,45,9,52933
1991,45,10,52923
1991,45,11,52912
1991,45,12,50683
1991,45,13,50325
1991,45,14,50587
1991,45,15,48850
1991,45,16,50382
1991,45,17,52417
1991,45,18,53344
1991,45,19,61477
1991,45,20,65588
1991,45,21,62682
1991,45,22,57761
1991,45,23,54620
1991,45,24,55233
1991,45,25,55142
1991,45,26,57933
1991,45,27,60234
1991,45,28,57095
1991,45,29,62954
1991,45,30,61097
1991,45,31,59695
1991,45,32,58762
1991,45,33,59360
1991,45,34,62032
1991,45,35,59095
1991,45,36,57986
1991,45,37,57550
1991,45,38,53050
1991,45,39,57955
1991,45,40,54033
1991,45,41,52741
1991,45,42,52017
1991,45,43,51409
1991,45,44,57032
1991,45,45,40677
1991,45,46,40835
1991,45,47,41054
1991,45,48,40593
1991,45,49,39065
1991,45,50,36391
1991,45,51,33848
1991,45,52,32660
1991,45,53,32272
1991,45,54,31475
1991,45,55,30623
1991,45,56,31898
1991,45,57,30319
1991,45,58,28629
1991,45,59,29591
1991,45,60,29208
1991,45,61,28503
1991,45,62,28685
1991,45,63,30124
1991,45,64,29582
1991,45,65,28855
1991,45,66,28487
1991,45,67,28490
1991,45,68,26363
1991,45,69,27159
1991,45,70,26501
1991,45,71,23881
1991,45,72,22015
1991,45,73,19648
1991,45,74,18660
1991,45,75,17821
1991,45,76,16479
1991,45,77,15361
1991,45,78,14634
1991,45,79,13564
1991,45,80,11941
1991,45,81,10183
1991,45,82,8888
1991,45,83,8125
1991,45,84,7137
1991,45,85,32313
1991,46,0,10709
1991,46,1,10988
1991,46,2,10892
1991,46,3,10870
1991,46,4,11191
1991,46,5,11223
1991,46,6,11579
1991,46,7,11432
1991,46,8,11351
1991,46,9,12260
1991,46,10,12240
1991,46,11,12122
1991,46,12,11446
1991,46,13,11023
1991,46,14,10925
1991,46,15,10427
1991,46,16,10380
1991,46,17,10029
1991,46,18,9706
1991,46,19,10397
1991,46,20,10710
1991,46,21,10173
1991,46,22,9374
1991,46,23,8916
1991,46,24,9104
1991,46,25,9038
1991,46,26,9500
1991,46,27,10099
1991,46,28,9959
1991,46,29,11344
1991,46,30,11049
1991,46,31,11118
1991,46,32,10999
1991,46,33,11014
1991,46,34,11500
1991,46,35,11182
1991,46,36,10934
1991,46,37,10884
1991,46,38,10046
1991,46,39,10984
1991,46,40,9924
1991,46,41,9521
1991,46,42,9122
1991,46,43,8678
1991,46,44,9443
1991,46,45,6680
1991,46,46,6774
1991,46,47,6931
1991,46,48,6909
1991,46,49,6602
1991,46,50,6126
1991,46,51,5803
1991,46,52,5766
1991,46,53,5762
1991,46,54,5854
1991,46,55,5753
1991,46,56,5969
1991,46,57,5675
1991,46,58,5426
1991,46,59,5953
1991,46,60,6031
1991,46,61,6002
1991,46,62,6099
1991,46,63,6205
1991,46,64,6250
1991,46,65,5896
1991,46,66,6136
1991,46,67,5748
1991,46,68,5528
1991,46,69,5751
1991,46,70,5701
1991,46,71,5216
1991,46,72,5047
1991,46,73,4768
1991,46,74,4548
1991,46,75,4442
1991,46,76,4343
1991,46,77,4126
1991,46,78,4088
1991,46,79,3663
1991,46,80,3357
1991,46,81,3187
1991,46,82,2874
1991,46,83,2719
1991,46,84,2366
1991,46,85,13566
1991,47,0,72314
1991,47,1,71065
1991,47,2,68728
1991,47,3,66783
1991,47,4,66736
1991,47,5,67065
1991,47,6,66774
1991,47,7,65282
1991,47,8,64893
1991,47,9,70163
1991,47,10,70314
1991,47,11,70887
1991,47,12,68459
1991,47,13,67847
1991,47,14,67747
1991,47,15,65558
1991,47,16,68054
1991,47,17,69881
1991,47,18,69986
1991,47,19,78854
1991,47,20,83241
1991,47,21,79070
1991,47,22,72777
1991,47,23,69962
1991,47,24,72446
1991,47,25,73529
1991,47,26,78368
1991,47,27,81421
1991,47,28,77293
1991,47,29,85437
1991,47,30,82776
1991,47,31,82164
1991,47,32,81617
1991,47,33,82152
1991,47,34,86213
1991,47,35,82289
1991,47,36,80825
1991,47,37,80623
1991,47,38,73557
1991,47,39,80965
1991,47,40,75473
1991,47,41,74146
1991,47,42,73580
1991,47,43,73589
1991,47,44,82064
1991,47,45,57450
1991,47,46,57957
1991,47,47,59295
1991,47,48,59253
1991,47,49,57666
1991,47,50,53223
1991,47,51,49575
1991,47,52,48908
1991,47,53,48368
1991,47,54,46814
1991,47,55,45523
1991,47,56,46910
1991,47,57,44039
1991,47,58,41519
1991,47,59,44262
1991,47,60,43829
1991,47,61,42930
1991,47,62,41932
1991,47,63,43223
1991,47,64,42872
1991,47,65,41723
1991,47,66,41074
1991,47,67,40146
1991,47,68,38073
1991,47,69,38325
1991,47,70,37255
1991,47,71,34150
1991,47,72,32544
1991,47,73,29500
1991,47,74,28036
1991,47,75,27241
1991,47,76,26515
1991,47,77,24678
1991,47,78,23954
1991,47,79,21709
1991,47,80,20002
1991,47,81,17996
1991,47,82,16142
1991,47,83,14833
1991,47,84,13177
1991,47,85,61298
1991,48,0,311109
1991,48,1,298205
1991,48,2,286711
1991,48,3,282876
1991,48,4,284906
1991,48,5,284681
1991,48,6,284082
1991,48,7,276554
1991,48,8,272862
1991,48,9,291680
1991,48,10,287176
1991,48,11,281970
1991,48,12,264863
1991,48,13,258028
1991,48,14,258495
1991,48,15,252014
1991,48,16,256938
1991,48,17,255188
1991,48,18,254122
1991,48,19,279215
1991,48,20,289321
1991,48,21,278138
1991,48,22,260295
1991,48,23,254557
1991,48,24,266680
1991,48,25,270861
1991,48,26,287645
1991,48,27,302686
1991,48,28,293671
1991,48,29,328089
1991,48,30,319664
1991,48,31,315807
1991,48,32,310646
1991,48,33,309632
1991,48,34,319559
1991,48,35,301069
1991,48,36,290678
1991,48,37,286714
1991,48,38,260726
1991,48,39,280175
1991,48,40,257185
1991,48,41,249383
1991,48,42,242353
1991,48,43,236744
1991,48,44,263965
1991,48,45,188408
1991,48,46,189553
1991,48,47,189200
1991,48,48,183668
1991,48,49,176780
1991,48,50,163768
1991,48,51,151023
1991,48,52,147035
1991,48,53,146108
1991,48,54,140737
1991,48,55,136167
1991,48,56,141728
1991,48,57,133259
1991,48,58,123118
1991,48,59,130114
1991,48,60,130516
1991,48,61,128365
1991,48,62,125177
1991,48,63,126564
1991,48,64,125374
1991,48,65,120622
1991,48,66,119286
1991,48,67,116397
1991,48,68,109244
1991,48,69,110382
1991,48,70,106189
1991,48,71,94452
1991,48,72,89311
1991,48,73,80391
1991,48,74,77915
1991,48,75,75119
1991,48,76,72780
1991,48,77,68232
1991,48,78,65373
1991,48,79,59756
1991,48,80,54038
1991,48,81,49274
1991,48,82,44916
1991,48,83,40812
1991,48,84,36271
1991,48,85,174564
1991,49,0,35597
1991,49,1,35259
1991,49,2,34641
1991,49,3,33604
1991,49,4,33713
1991,49,5,34051
1991,49,6,34774
1991,49,7,34856
1991,49,8,35276
1991,49,9,38678
1991,49,10,38849
1991,49,11,39078
1991,49,12,37685
1991,49,13,36984
1991,49,14,36784
1991,49,15,33576
1991,49,16,32075
1991,49,17,31133
1991,49,18,29499
1991,49,19,32614
1991,49,20,32354
1991,49,21,29274
1991,49,22,27658
1991,49,23,27725
1991,49,24,28649
1991,49,25,27473
1991,49,26,27304
1991,49,27,27533
1991,49,28,26449
1991,49,29,29817
1991,49,30,28493
1991,49,31,27895
1991,49,32,27551
1991,49,33,27529
1991,49,34,28540
1991,49,35,27045
1991,49,36,26373
1991,49,37,26292
1991,49,38,23854
1991,49,39,25675
1991,49,40,23061
1991,49,41,22114
1991,49,42,21296
1991,49,43,20822
1991,49,44,22727
1991,49,45,15859
1991,49,46,15919
1991,49,47,16418
1991,49,48,16176
1991,49,49,15210
1991,49,50,13914
1991,49,51,12921
1991,49,52,12634
1991,49,53,12541
1991,49,54,12137
1991,49,55,11672
1991,49,56,12067
1991,49,57,11235
1991,49,58,10303
1991,49,59,10973
1991,49,60,10996
1991,49,61,10792
1991,49,62,10698
1991,49,63,10735
1991,49,64,10651
1991,49,65,10388
1991,49,66,10348
1991,49,67,9884
1991,49,68,9298
1991,49,69,9521
1991,49,70,9225
1991,49,71,8769
1991,49,72,8306
1991,49,73,7705
1991,49,74,7260
1991,49,75,6910
1991,49,76,6548
1991,49,77,6106
1991,49,78,6025
1991,49,79,5296
1991,49,80,4672
1991,49,81,4286
1991,49,82,3830
1991,49,83,3626
1991,49,84,3167
1991,49,85,14691
1991,50,0,7887
1991,50,1,8349
1991,50,2,8305
1991,50,3,8257
1991,50,4,8369
1991,50,5,8409
1991,50,6,8448
1991,50,7,8210
1991,50,8,8074
1991,50,9,8603
1991,50,10,8365
1991,50,11,8220
1991,50,12,7771
1991,50,13,7503
1991,50,14,7477
1991,50,15,7240
1991,50,16,7346
1991,50,17,7303
1991,50,18,7352
1991,50,19,9179
1991,50,20,10357
1991,50,21,9896
1991,50,22,9221
1991,50,23,8306
1991,50,24,7902
1991,50,25,7737
1991,50,26,8232
1991,50,27,8591
1991,50,28,8351
1991,50,29,9726
1991,50,30,9647
1991,50,31,9579
1991,50,32,9710
1991,50,33,10116
1991,50,34,10660
1991,50,35,10264
1991,50,36,10084
1991,50,37,10144
1991,50,38,9380
1991,50,39,10405
1991,50,40,9521
1991,50,41,9271
1991,50,42,9072
1991,50,43,8936
1991,50,44,9926
1991,50,45,6914
1991,50,46,6761
1991,50,47,6877
1991,50,48,6826
1991,50,49,6367
1991,50,50,5680
1991,50,51,5226
1991,50,52,5047
1991,50,53,4967
1991,50,54,4760
1991,50,55,4608
1991,50,56,4741
1991,50,57,4413
1991,50,58,4159
1991,50,59,4545
1991,50,60,4542
1991,50,61,4525
1991,50,62,4450
1991,50,63,4543
1991,50,64,4452
1991,50,65,4323
1991,50,66,4214
1991,50,67,4219
1991,50,68,3900
1991,50,69,3812
1991,50,70,3696
1991,50,71,3591
1991,50,72,3394
1991,50,73,3151
1991,50,74,3045
1991,50,75,2904
1991,50,76,2715
1991,50,77,2557
1991,50,78,2542
1991,50,79,2320
1991,50,80,2140
1991,50,81,1973
1991,50,82,1781
1991,50,83,1597
1991,50,84,1407
1991,50,85,7756
1991,51,0,94990
1991,51,1,95088
1991,51,2,91804
1991,51,3,89558
1991,51,4,89189
1991,51,5,88237
1991,51,6,86943
1991,51,7,84028
1991,51,8,82398
1991,51,9,88175
1991,51,10,86514
1991,51,11,85476
1991,51,12,81107
1991,51,13,79970
1991,51,14,79793
1991,51,15,76996
1991,51,16,79216
1991,51,17,80540
1991,51,18,83820
1991,51,19,99166
1991,51,20,108430
1991,51,21,107438
1991,51,22,102145
1991,51,23,98999
1991,51,24,102970
1991,51,25,104764
1991,51,26,111146
1991,51,27,116260
1991,51,28,110769
1991,51,29,121390
1991,51,30,117660
1991,51,31,115627
1991,51,32,114287
1991,51,33,113862
1991,51,34,117515
1991,51,35,111559
1991,51,36,108492
1991,51,37,107387
1991,51,38,98701
1991,51,39,107157
1991,51,40,99203
1991,51,41,97648
1991,51,42,97067
1991,51,43,97035
1991,51,44,108612
1991,51,45,76567
1991,51,46,76327
1991,51,47,77161
1991,51,48,76872
1991,51,49,72841
1991,51,50,66279
1991,51,51,61220
1991,51,52,59693
1991,51,53,58619
1991,51,54,56049
1991,51,55,53393
1991,51,56,54443
1991,51,57,50875
1991,51,58,47772
1991,51,59,50251
1991,51,60,49942
1991,51,61,49274
1991,51,62,48403
1991,51,63,49334
1991,51,64,48464
1991,51,65,47002
1991,51,66,46658
1991,51,67,45615
1991,51,68,43633
1991,51,69,43998
1991,51,70,42306
1991,51,71,38744
1991,51,72,35981
1991,51,73,32510
1991,51,74,31053
1991,51,75,29317
1991,51,76,27828
1991,51,77,25611
1991,51,78,24467
1991,51,79,22337
1991,51,80,20020
1991,51,81,17889
1991,51,82,16042
1991,51,83,14642
1991,51,84,12859
1991,51,85,62431
1991,53,0,78875
1991,53,1,78926
1991,53,2,76775
1991,53,3,75426
1991,53,4,76182
1991,53,5,76558
1991,53,6,77128
1991,53,7,75194
1991,53,8,73660
1991,53,9,79069
1991,53,10,77224
1991,53,11,75651
1991,53,12,71150
1991,53,13,69002
1991,53,14,68613
1991,53,15,65425
1991,53,16,65729
1991,53,17,63420
1991,53,18,62840
1991,53,19,68790
1991,53,20,73334
1991,53,21,73162
1991,53,22,69763
1991,53,23,68147
1991,53,24,70450
1991,53,25,71750
1991,53,26,76599
1991,53,27,81537
1991,53,28,80234
1991,53,29,91058
1991,53,30,89743
1991,53,31,88954
1991,53,32,89231
1991,53,33,90586
1991,53,34,95064
1991,53,35,91674
1991,53,36,90102
1991,53,37,90014
1991,53,38,83215
1991,53,39,90207
1991,53,40,83077
1991,53,41,80532
1991,53,42,78782
1991,53,43,77980
1991,53,44,86707
1991,53,45,60852
1991,53,46,60442
1991,53,47,60531
1991,53,48,59398
1991,53,49,55701
1991,53,50,50446
1991,53,51,46269
1991,53,52,44980
1991,53,53,44208
1991,53,54,42055
1991,53,55,39865
1991,53,56,40828
1991,53,57,38303
1991,53,58,35502
1991,53,59,38098
1991,53,60,38492
1991,53,61,37852
1991,53,62,37385
1991,53,63,38288
1991,53,64,38381
1991,53,65,37172
1991,53,66,37394
1991,53,67,36754
1991,53,68,35469
1991,53,69,36899
1991,53,70,35417
1991,53,71,33043
1991,53,72,31151
1991,53,73,28726
1991,53,74,27240
1991,53,75,26232
1991,53,76,24910
1991,53,77,22886
1991,53,78,22395
1991,53,79,19862
1991,53,80,17652
1991,53,81,16340
1991,53,82,14775
1991,53,83,13602
1991,53,84,11627
1991,53,85,58482
1991,54,0,21755
1991,54,1,21334
1991,54,2,20760
1991,54,3,20803
1991,54,4,21449
1991,54,5,21920
1991,54,6,22233
1991,54,7,22190
1991,54,8,22631
1991,54,9,25075
1991,54,10,25691
1991,54,11,26683
1991,54,12,26363
1991,54,13,26753
1991,54,14,27111
1991,54,15,26234
1991,54,16,27072
1991,54,17,27587
1991,54,18,27342
1991,54,19,30109
1991,54,20,30429
1991,54,21,27503
1991,54,22,24572
1991,54,23,22889
1991,54,24,22745
1991,54,25,21942
1991,54,26,22937
1991,54,27,23685
1991,54,28,22746
1991,54,29,25777
1991,54,30,25489
1991,54,31,26087
1991,54,32,26922
1991,54,33,28006
1991,54,34,29784
1991,54,35,28472
1991,54,36,28203
1991,54,37,28492
1991,54,38,26921
1991,54,39,30235
1991,54,40,28102
1991,54,41,27574
1991,54,42,27359
1991,54,43,27206
1991,54,44,29756
1991,54,45,20639
1991,54,46,20307
1991,54,47,20524
1991,54,48,20889
1991,54,49,20706
1991,54,50,19279
1991,54,51,18079
1991,54,52,18246
1991,54,53,18557
1991,54,54,17984
1991,54,55,17379
1991,54,56,17983
1991,54,57,16825
1991,54,58,15986
1991,54,59,17280
1991,54,60,17620
1991,54,61,17679
1991,54,62,18128
1991,54,63,19084
1991,54,64,19033
1991,54,65,17919
1991,54,66,17974
1991,54,67,17403
1991,54,68,16544
1991,54,69,16426
1991,54,70,15860
1991,54,71,14502
1991,54,72,14165
1991,54,73,12856
1991,54,74,12346
1991,54,75,11896
1991,54,76,11616
1991,54,77,10780
1991,54,78,10430
1991,54,79,9386
1991,54,80,8400
1991,54,81,7577
1991,54,82,6883
1991,54,83,6451
1991,54,84,5467
1991,54,85,26196
1991,55,0,70306
1991,55,1,72856
1991,55,2,72062
1991,55,3,72109
1991,55,4,74448
1991,55,5,75643
1991,55,6,76317
1991,55,7,74343
1991,55,8,73112
1991,55,9,78870
1991,55,10,77814
1991,55,11,77331
1991,55,12,73066
1991,55,13,71114
1991,55,14,70542
1991,55,15,67858
1991,55,16,68669
1991,55,17,67002
1991,55,18,65000
1991,55,19,71985
1991,55,20,77967
1991,55,21,75283
1991,55,22,71029
1991,55,23,69491
1991,55,24,72046
1991,55,25,71233
1991,55,26,74462
1991,55,27,77819
1991,55,28,75323
1991,55,29,86261
1991,55,30,84595
1991,55,31,84718
1991,55,32,84105
1991,55,33,84369
1991,55,34,87531
1991,55,35,82924
1991,55,36,81488
1991,55,37,80763
1991,55,38,74187
1991,55,39,81915
1991,55,40,74757
1991,55,41,72572
1991,55,42,70487
1991,55,43,68734
1991,55,44,76092
1991,55,45,53106
1991,55,46,52763
1991,55,47,53786
1991,55,48,54403
1991,55,49,52343
1991,55,50,47480
1991,55,51,44238
1991,55,52,44214
1991,55,53,44360
1991,55,54,43153
1991,55,55,41380
1991,55,56,42336
1991,55,57,40079
1991,55,58,37764
1991,55,59,41245
1991,55,60,42044
1991,55,61,41633
1991,55,62,41463
1991,55,63,42601
1991,55,64,42338
1991,55,65,40134
1991,55,66,40099
1991,55,67,39324
1991,55,68,37143
1991,55,69,37510
1991,55,70,36408
1991,55,71,33307
1991,55,72,32387
1991,55,73,31840
1991,55,74,30566
1991,55,75,29961
1991,55,76,28633
1991,55,77,26627
1991,55,78,25901
1991,55,79,23393
1991,55,80,20974
1991,55,81,19527
1991,55,82,17818
1991,55,83,16643
1991,55,84,14494
1991,55,85,76659
1991,56,0,6653
1991,56,1,6902
1991,56,2,6821
1991,56,3,6824
1991,56,4,7189
1991,56,5,7479
1991,56,6,7845
1991,56,7,7828
1991,56,8,7901
1991,56,9,8520
1991,56,10,8505
1991,56,11,8524
1991,56,12,7998
1991,56,13,7814
1991,56,14,7676
1991,56,15,7310
1991,56,16,7352
1991,56,17,7173
1991,56,18,6879
1991,56,19,7066
1991,56,20,6915
1991,56,21,6295
1991,56,22,5538
1991,56,23,5168
1991,56,24,5202
1991,56,25,5187
1991,56,26,5634
1991,56,27,6039
1991,56,28,6040
1991,56,29,7189
1991,56,30,7334
1991,56,31,7575
1991,56,32,7805
1991,56,33,8011
1991,56,34,8615
1991,56,35,8416
1991,56,36,8271
1991,56,37,8384
1991,56,38,7805
1991,56,39,8497
1991,56,40,7629
1991,56,41,7310
1991,56,42,7052
1991,56,43,6838
1991,56,44,7440
1991,56,45,5135
1991,56,46,5220
1991,56,47,5309
1991,56,48,5166
1991,56,49,4910
1991,56,50,4511
1991,56,51,4269
1991,56,52,4176
1991,56,53,4057
1991,56,54,3978
1991,56,55,3749
1991,56,56,3775
1991,56,57,3583
1991,56,58,3338
1991,56,59,3586
1991,56,60,3615
1991,56,61,3607
1991,56,62,3649
1991,56,63,3644
1991,56,64,3520
1991,56,65,3278
1991,56,66,3368
1991,56,67,3257
1991,56,68,2928
1991,56,69,2992
1991,56,70,2854
1991,56,71,2586
1991,56,72,2470
1991,56,73,2326
1991,56,74,2247
1991,56,75,2139
1991,56,76,2044
1991,56,77,1824
1991,56,78,1808
1991,56,79,1610
1991,56,80,1534
1991,56,81,1336
1991,56,82,1192
1991,56,83,1099
1991,56,84,948
1991,56,85,4654
